usage_id,customer_id,workspace_id,usage_date,active_users,workflows_run,sla_breach_count,ingested_at
USE-0001-0001,CUST-0001,WS-0001,2026-06-04,18,54,2,2026-06-04T02:00:00Z
USE-0001-0002,CUST-0001,WS-0001,2026-06-05,21,84,0,2026-06-05T02:00:00Z
USE-0001-0003,CUST-0001,WS-0001,2026-06-06,19,57,2,2026-06-06T02:00:00Z
USE-0001-0004,CUST-0001,WS-0001,2026-06-07,25,75,2,2026-06-07T02:00:00Z
USE-0001-0005,CUST-0001,WS-0001,2026-06-08,23,69,0,2026-06-08T02:00:00Z
USE-0001-0006,CUST-0001,WS-0001,2026-06-09,18,72,0,2026-06-09T02:00:00Z
USE-0001-0007,CUST-0001,WS-0001,2026-06-10,25,75,2,2026-06-10T02:00:00Z
USE-0001-0008,CUST-0001,WS-0001,2026-06-11,20,120,0,2026-06-11T02:00:00Z
USE-0001-0009,CUST-0001,WS-0001,2026-06-12,24,120,0,2026-06-12T02:00:00Z
USE-0001-0010,CUST-0001,WS-0001,2026-06-13,19,114,1,2026-06-13T02:00:00Z
USE-0001-0011,CUST-0001,WS-0001,2026-06-14,21,84,0,2026-06-14T02:00:00Z
USE-0001-0012,CUST-0001,WS-0001,2026-06-15,22,66,0,2026-06-15T02:00:00Z
USE-0001-0013,CUST-0001,WS-0001,2026-06-16,23,69,1,2026-06-16T02:00:00Z
USE-0001-0014,CUST-0001,WS-0001,2026-06-17,22,110,0,2026-06-17T02:00:00Z
USE-0001-0015,CUST-0001,WS-0001,2026-06-18,24,72,1,2026-06-18T02:00:00Z
USE-0001-0016,CUST-0001,WS-0001,2026-06-19,18,90,2,2026-06-19T02:00:00Z
USE-0001-0017,CUST-0001,WS-0001,2026-06-20,26,130,2,2026-06-20T02:00:00Z
USE-0001-0018,CUST-0001,WS-0001,2026-06-21,20,60,0,2026-06-21T02:00:00Z
USE-0001-0019,CUST-0001,WS-0001,2026-06-22,20,100,0,2026-06-22T02:00:00Z
USE-0001-0020,CUST-0001,WS-0001,2026-06-23,20,60,1,2026-06-23T02:00:00Z
USE-0001-0021,CUST-0001,WS-0001,2026-06-24,21,126,2,2026-06-24T02:00:00Z
USE-0001-0022,CUST-0001,WS-0001,2026-06-25,22,88,1,2026-06-25T02:00:00Z
USE-0001-0023,CUST-0001,WS-0001,2026-06-26,22,88,2,2026-06-26T02:00:00Z
USE-0001-0024,CUST-0001,WS-0001,2026-06-27,21,63,2,2026-06-27T02:00:00Z
USE-0001-0025,CUST-0001,WS-0001,2026-06-28,19,76,0,2026-06-28T02:00:00Z
USE-0001-0026,CUST-0001,WS-0001,2026-06-29,24,144,1,2026-06-29T02:00:00Z
USE-0001-0027,CUST-0001,WS-0001,2026-06-30,25,100,2,2026-06-30T02:00:00Z
USE-0001-0028,CUST-0001,WS-0001,2026-07-01,22,66,0,2026-07-01T02:00:00Z
USE-0001-0029,CUST-0001,WS-0001,2026-07-02,17,85,1,2026-07-02T02:00:00Z
USE-0001-0030,CUST-0001,WS-0001,2026-07-03,21,63,0,2026-07-03T02:00:00Z
USE-0001-0031,CUST-0001,WS-0001,2026-07-04,26,130,0,2026-07-04T02:00:00Z
USE-0001-0032,CUST-0001,WS-0001,2026-07-05,24,144,2,2026-07-05T02:00:00Z
USE-0001-0033,CUST-0001,WS-0001,2026-07-06,24,96,1,2026-07-06T02:00:00Z
USE-0001-0034,CUST-0001,WS-0001,2026-07-07,19,76,2,2026-07-07T02:00:00Z
USE-0001-0035,CUST-0001,WS-0001,2026-07-08,25,125,2,2026-07-08T02:00:00Z
USE-0001-0036,CUST-0001,WS-0001,2026-07-09,26,156,2,2026-07-09T02:00:00Z
USE-0001-0037,CUST-0001,WS-0001,2026-07-10,23,115,0,2026-07-10T02:00:00Z
USE-0001-0038,CUST-0001,WS-0001,2026-07-11,19,114,0,2026-07-11T02:00:00Z
USE-0001-0039,CUST-0001,WS-0001,2026-07-12,17,51,0,2026-07-12T02:00:00Z
USE-0001-0040,CUST-0001,WS-0001,2026-07-13,19,114,2,2026-07-13T02:00:00Z
USE-0001-0041,CUST-0001,WS-0001,2026-07-14,18,108,1,2026-07-14T02:00:00Z
USE-0001-0042,CUST-0001,WS-0001,2026-07-15,26,156,2,2026-07-15T02:00:00Z
USE-0001-0043,CUST-0001,WS-0001,2026-07-16,21,63,2,2026-07-16T02:00:00Z
USE-0001-0044,CUST-0001,WS-0001,2026-07-17,18,90,2,2026-07-17T02:00:00Z
USE-0001-0045,CUST-0001,WS-0001,2026-07-18,22,66,1,2026-07-18T02:00:00Z
USE-0001-0046,CUST-0001,WS-0001,2026-07-19,23,92,1,2026-07-19T02:00:00Z
USE-0001-0047,CUST-0001,WS-0001,2026-07-20,17,85,2,2026-07-20T02:00:00Z
USE-0001-0048,CUST-0001,WS-0001,2026-07-21,19,57,2,2026-07-21T02:00:00Z
USE-0001-0049,CUST-0001,WS-0001,2026-07-22,21,84,0,2026-07-22T02:00:00Z
USE-0001-0050,CUST-0001,WS-0001,2026-07-23,22,88,2,2026-07-23T02:00:00Z
USE-0001-0051,CUST-0001,WS-0001,2026-07-24,25,75,2,2026-07-24T02:00:00Z
USE-0001-0052,CUST-0001,WS-0001,2026-07-25,22,132,0,2026-07-25T02:00:00Z
USE-0001-0053,CUST-0001,WS-0001,2026-07-26,18,90,1,2026-07-26T02:00:00Z
USE-0001-0054,CUST-0001,WS-0001,2026-07-27,20,60,0,2026-07-27T02:00:00Z
USE-0001-0055,CUST-0001,WS-0001,2026-07-28,26,78,0,2026-07-28T02:00:00Z
USE-0001-0056,CUST-0001,WS-0001,2026-07-29,24,72,2,2026-07-29T02:00:00Z
USE-0001-0057,CUST-0001,WS-0001,2026-07-30,19,76,2,2026-07-30T02:00:00Z
USE-0001-0058,CUST-0001,WS-0001,2026-07-31,24,96,1,2026-07-31T02:00:00Z
USE-0001-0059,CUST-0001,WS-0001,2026-08-01,25,150,0,2026-08-01T02:00:00Z
USE-0001-0060,CUST-0001,WS-0001,2026-08-02,25,100,2,2026-08-02T02:00:00Z
USE-0001-0061,CUST-0001,WS-0001,2026-08-03,21,126,2,2026-08-03T02:00:00Z
USE-0001-0062,CUST-0001,WS-0001,2026-08-04,22,132,2,2026-08-04T02:00:00Z
USE-0001-0063,CUST-0001,WS-0001,2026-08-05,24,72,0,2026-08-05T02:00:00Z
USE-0001-0064,CUST-0001,WS-0001,2026-08-06,20,60,1,2026-08-06T02:00:00Z
USE-0001-0065,CUST-0001,WS-0001,2026-08-07,17,68,2,2026-08-07T02:00:00Z
USE-0001-0066,CUST-0001,WS-0001,2026-08-08,20,60,0,2026-08-08T02:00:00Z
USE-0001-0067,CUST-0001,WS-0001,2026-08-09,17,68,0,2026-08-09T02:00:00Z
USE-0001-0068,CUST-0001,WS-0001,2026-08-10,17,85,0,2026-08-10T02:00:00Z
USE-0001-0069,CUST-0001,WS-0001,2026-08-11,25,100,1,2026-08-11T02:00:00Z
USE-0001-0070,CUST-0001,WS-0001,2026-08-12,24,96,2,2026-08-12T02:00:00Z
USE-0001-0071,CUST-0001,WS-0001,2026-08-13,19,114,0,2026-08-13T02:00:00Z
USE-0001-0072,CUST-0001,WS-0001,2026-08-14,24,144,0,2026-08-14T02:00:00Z
USE-0001-0073,CUST-0001,WS-0001,2026-08-15,18,54,2,2026-08-15T02:00:00Z
USE-0001-0074,CUST-0001,WS-0001,2026-08-16,23,115,1,2026-08-16T02:00:00Z
USE-0001-0075,CUST-0001,WS-0001,2026-08-17,23,138,2,2026-08-17T02:00:00Z
USE-0001-0076,CUST-0001,WS-0001,2026-08-18,17,51,0,2026-08-18T02:00:00Z
USE-0001-0077,CUST-0001,WS-0001,2026-08-19,23,115,0,2026-08-19T02:00:00Z
USE-0001-0078,CUST-0001,WS-0001,2026-08-20,20,80,0,2026-08-20T02:00:00Z
USE-0001-0079,CUST-0001,WS-0001,2026-08-21,25,150,0,2026-08-21T02:00:00Z
USE-0001-0080,CUST-0001,WS-0001,2026-08-22,23,92,1,2026-08-22T02:00:00Z
USE-0001-0081,CUST-0001,WS-0001,2026-08-23,24,96,0,2026-08-23T02:00:00Z
USE-0001-0082,CUST-0001,WS-0001,2026-08-24,24,72,0,2026-08-24T02:00:00Z
USE-0001-0083,CUST-0001,WS-0001,2026-08-25,25,75,0,2026-08-25T02:00:00Z
USE-0001-0084,CUST-0001,WS-0001,2026-08-26,20,80,1,2026-08-26T02:00:00Z
USE-0001-0085,CUST-0001,WS-0001,2026-08-27,24,144,0,2026-08-27T02:00:00Z
USE-0001-0086,CUST-0001,WS-0001,2026-08-28,23,69,0,2026-08-28T02:00:00Z
USE-0001-0087,CUST-0001,WS-0001,2026-08-29,23,69,1,2026-08-29T02:00:00Z
USE-0001-0088,CUST-0001,WS-0001,2026-08-30,21,126,1,2026-08-30T02:00:00Z
USE-0001-0089,CUST-0001,WS-0001,2026-08-31,23,138,0,2026-08-31T02:00:00Z
USE-0001-0090,CUST-0001,WS-0001,2026-09-01,20,100,0,2026-09-01T02:00:00Z
USE-0002-0001,CUST-0002,WS-0002,2026-06-04,27,81,2,2026-06-04T02:00:00Z
USE-0002-0002,CUST-0002,WS-0002,2026-06-05,23,69,0,2026-06-05T02:00:00Z
USE-0002-0003,CUST-0002,WS-0002,2026-06-06,27,162,2,2026-06-06T02:00:00Z
USE-0002-0004,CUST-0002,WS-0002,2026-06-07,26,104,0,2026-06-07T02:00:00Z
USE-0002-0005,CUST-0002,WS-0002,2026-06-08,26,78,0,2026-06-08T02:00:00Z
USE-0002-0006,CUST-0002,WS-0002,2026-06-09,19,57,2,2026-06-09T02:00:00Z
USE-0002-0007,CUST-0002,WS-0002,2026-06-10,21,126,0,2026-06-10T02:00:00Z
USE-0002-0008,CUST-0002,WS-0002,2026-06-11,27,108,2,2026-06-11T02:00:00Z
USE-0002-0009,CUST-0002,WS-0002,2026-06-12,27,81,2,2026-06-12T02:00:00Z
USE-0002-0010,CUST-0002,WS-0002,2026-06-13,19,114,2,2026-06-13T02:00:00Z
USE-0002-0011,CUST-0002,WS-0002,2026-06-14,27,135,1,2026-06-14T02:00:00Z
USE-0002-0012,CUST-0002,WS-0002,2026-06-15,21,105,0,2026-06-15T02:00:00Z
USE-0002-0013,CUST-0002,WS-0002,2026-06-16,22,132,0,2026-06-16T02:00:00Z
USE-0002-0014,CUST-0002,WS-0002,2026-06-17,22,132,1,2026-06-17T02:00:00Z
USE-0002-0015,CUST-0002,WS-0002,2026-06-18,19,57,1,2026-06-18T02:00:00Z
USE-0002-0016,CUST-0002,WS-0002,2026-06-19,27,81,0,2026-06-19T02:00:00Z
USE-0002-0017,CUST-0002,WS-0002,2026-06-20,26,104,2,2026-06-20T02:00:00Z
USE-0002-0018,CUST-0002,WS-0002,2026-06-21,22,88,1,2026-06-21T02:00:00Z
USE-0002-0019,CUST-0002,WS-0002,2026-06-22,19,76,1,2026-06-22T02:00:00Z
USE-0002-0020,CUST-0002,WS-0002,2026-06-23,22,88,1,2026-06-23T02:00:00Z
USE-0002-0021,CUST-0002,WS-0002,2026-06-24,26,130,2,2026-06-24T02:00:00Z
USE-0002-0022,CUST-0002,WS-0002,2026-06-25,26,78,2,2026-06-25T02:00:00Z
USE-0002-0023,CUST-0002,WS-0002,2026-06-26,26,130,2,2026-06-26T02:00:00Z
USE-0002-0024,CUST-0002,WS-0002,2026-06-27,19,76,1,2026-06-27T02:00:00Z
USE-0002-0025,CUST-0002,WS-0002,2026-06-28,19,57,2,2026-06-28T02:00:00Z
USE-0002-0026,CUST-0002,WS-0002,2026-06-29,26,104,1,2026-06-29T02:00:00Z
USE-0002-0027,CUST-0002,WS-0002,2026-06-30,22,88,2,2026-06-30T02:00:00Z
USE-0002-0028,CUST-0002,WS-0002,2026-07-01,23,92,2,2026-07-01T02:00:00Z
USE-0002-0029,CUST-0002,WS-0002,2026-07-02,22,132,1,2026-07-02T02:00:00Z
USE-0002-0030,CUST-0002,WS-0002,2026-07-03,18,54,2,2026-07-03T02:00:00Z
USE-0002-0031,CUST-0002,WS-0002,2026-07-04,24,120,0,2026-07-04T02:00:00Z
USE-0002-0032,CUST-0002,WS-0002,2026-07-05,18,90,0,2026-07-05T02:00:00Z
USE-0002-0033,CUST-0002,WS-0002,2026-07-06,22,88,2,2026-07-06T02:00:00Z
USE-0002-0034,CUST-0002,WS-0002,2026-07-07,25,150,2,2026-07-07T02:00:00Z
USE-0002-0035,CUST-0002,WS-0002,2026-07-08,18,54,0,2026-07-08T02:00:00Z
USE-0002-0036,CUST-0002,WS-0002,2026-07-09,20,60,1,2026-07-09T02:00:00Z
USE-0002-0037,CUST-0002,WS-0002,2026-07-10,27,108,1,2026-07-10T02:00:00Z
USE-0002-0038,CUST-0002,WS-0002,2026-07-11,20,60,1,2026-07-11T02:00:00Z
USE-0002-0039,CUST-0002,WS-0002,2026-07-12,23,69,1,2026-07-12T02:00:00Z
USE-0002-0040,CUST-0002,WS-0002,2026-07-13,21,84,2,2026-07-13T02:00:00Z
USE-0002-0041,CUST-0002,WS-0002,2026-07-14,19,95,2,2026-07-14T02:00:00Z
USE-0002-0042,CUST-0002,WS-0002,2026-07-15,24,96,0,2026-07-15T02:00:00Z
USE-0002-0043,CUST-0002,WS-0002,2026-07-16,20,80,1,2026-07-16T02:00:00Z
USE-0002-0044,CUST-0002,WS-0002,2026-07-17,18,72,2,2026-07-17T02:00:00Z
USE-0002-0045,CUST-0002,WS-0002,2026-07-18,23,138,2,2026-07-18T02:00:00Z
USE-0002-0046,CUST-0002,WS-0002,2026-07-19,21,105,0,2026-07-19T02:00:00Z
USE-0002-0047,CUST-0002,WS-0002,2026-07-20,19,114,0,2026-07-20T02:00:00Z
USE-0002-0048,CUST-0002,WS-0002,2026-07-21,25,100,0,2026-07-21T02:00:00Z
USE-0002-0049,CUST-0002,WS-0002,2026-07-22,25,125,1,2026-07-22T02:00:00Z
USE-0002-0050,CUST-0002,WS-0002,2026-07-23,21,84,0,2026-07-23T02:00:00Z
USE-0002-0051,CUST-0002,WS-0002,2026-07-24,21,126,1,2026-07-24T02:00:00Z
USE-0002-0052,CUST-0002,WS-0002,2026-07-25,22,66,1,2026-07-25T02:00:00Z
USE-0002-0053,CUST-0002,WS-0002,2026-07-26,23,138,2,2026-07-26T02:00:00Z
USE-0002-0054,CUST-0002,WS-0002,2026-07-27,26,130,0,2026-07-27T02:00:00Z
USE-0002-0055,CUST-0002,WS-0002,2026-07-28,19,95,0,2026-07-28T02:00:00Z
USE-0002-0056,CUST-0002,WS-0002,2026-07-29,27,135,0,2026-07-29T02:00:00Z
USE-0002-0057,CUST-0002,WS-0002,2026-07-30,19,114,1,2026-07-30T02:00:00Z
USE-0002-0058,CUST-0002,WS-0002,2026-07-31,23,138,2,2026-07-31T02:00:00Z
USE-0002-0059,CUST-0002,WS-0002,2026-08-01,26,78,1,2026-08-01T02:00:00Z
USE-0002-0060,CUST-0002,WS-0002,2026-08-02,27,108,1,2026-08-02T02:00:00Z
USE-0002-0061,CUST-0002,WS-0002,2026-08-03,0,38,0,2026-08-03T02:00:00Z
USE-0002-0062,CUST-0002,WS-0002,2026-08-04,1,34,1,2026-08-04T02:00:00Z
USE-0002-0063,CUST-0002,WS-0002,2026-08-05,0,2,2,2026-08-05T02:00:00Z
USE-0002-0064,CUST-0002,WS-0002,2026-08-06,0,45,2,2026-08-06T02:00:00Z
USE-0002-0065,CUST-0002,WS-0002,2026-08-07,0,25,2,2026-08-07T02:00:00Z
USE-0002-0066,CUST-0002,WS-0002,2026-08-08,0,62,1,2026-08-08T02:00:00Z
USE-0002-0067,CUST-0002,WS-0002,2026-08-09,0,50,2,2026-08-09T02:00:00Z
USE-0002-0068,CUST-0002,WS-0002,2026-08-10,0,10,1,2026-08-10T02:00:00Z
USE-0002-0069,CUST-0002,WS-0002,2026-08-11,0,26,2,2026-08-11T02:00:00Z
USE-0002-0070,CUST-0002,WS-0002,2026-08-12,2,65,1,2026-08-12T02:00:00Z
USE-0002-0071,CUST-0002,WS-0002,2026-08-13,1,8,1,2026-08-13T02:00:00Z
USE-0002-0072,CUST-0002,WS-0002,2026-08-14,0,18,1,2026-08-14T02:00:00Z
USE-0002-0073,CUST-0002,WS-0002,2026-08-15,2,65,1,2026-08-15T02:00:00Z
USE-0002-0074,CUST-0002,WS-0002,2026-08-16,0,80,2,2026-08-16T02:00:00Z
USE-0002-0075,CUST-0002,WS-0002,2026-08-17,0,56,2,2026-08-17T02:00:00Z
USE-0002-0076,CUST-0002,WS-0002,2026-08-18,0,0,1,2026-08-18T02:00:00Z
USE-0002-0077,CUST-0002,WS-0002,2026-08-19,1,60,0,2026-08-19T02:00:00Z
USE-0002-0078,CUST-0002,WS-0002,2026-08-20,0,35,0,2026-08-20T02:00:00Z
USE-0002-0079,CUST-0002,WS-0002,2026-08-21,0,14,0,2026-08-21T02:00:00Z
USE-0002-0080,CUST-0002,WS-0002,2026-08-22,0,2,1,2026-08-22T02:00:00Z
USE-0002-0081,CUST-0002,WS-0002,2026-08-23,2,11,1,2026-08-23T02:00:00Z
USE-0002-0082,CUST-0002,WS-0002,2026-08-24,0,26,2,2026-08-24T02:00:00Z
USE-0002-0083,CUST-0002,WS-0002,2026-08-25,0,74,1,2026-08-25T02:00:00Z
USE-0002-0084,CUST-0002,WS-0002,2026-08-26,0,14,2,2026-08-26T02:00:00Z
USE-0002-0085,CUST-0002,WS-0002,2026-08-27,0,0,1,2026-08-27T02:00:00Z
USE-0002-0086,CUST-0002,WS-0002,2026-08-28,0,14,2,2026-08-28T02:00:00Z
USE-0002-0087,CUST-0002,WS-0002,2026-08-29,1,86,0,2026-08-29T02:00:00Z
USE-0002-0088,CUST-0002,WS-0002,2026-08-30,1,34,0,2026-08-30T02:00:00Z
USE-0002-0089,CUST-0002,WS-0002,2026-08-31,0,30,1,2026-08-31T02:00:00Z
USE-0002-0090,CUST-0002,WS-0002,2026-09-01,1,60,1,2026-09-01T02:00:00Z
USE-0003-0001,CUST-0003,WS-0003,2026-06-04,27,162,2,2026-06-04T02:00:00Z
USE-0003-0002,CUST-0003,WS-0003,2026-06-05,26,104,2,2026-06-05T02:00:00Z
USE-0003-0003,CUST-0003,WS-0003,2026-06-06,26,156,1,2026-06-06T02:00:00Z
USE-0003-0004,CUST-0003,WS-0003,2026-06-07,22,110,2,2026-06-07T02:00:00Z
USE-0003-0005,CUST-0003,WS-0003,2026-06-08,26,104,1,2026-06-08T02:00:00Z
USE-0003-0006,CUST-0003,WS-0003,2026-06-09,26,78,2,2026-06-09T02:00:00Z
USE-0003-0007,CUST-0003,WS-0003,2026-06-10,23,92,1,2026-06-10T02:00:00Z
USE-0003-0008,CUST-0003,WS-0003,2026-06-11,24,120,2,2026-06-11T02:00:00Z
USE-0003-0009,CUST-0003,WS-0003,2026-06-12,20,80,0,2026-06-12T02:00:00Z
USE-0003-0010,CUST-0003,WS-0003,2026-06-13,22,132,2,2026-06-13T02:00:00Z
USE-0003-0011,CUST-0003,WS-0003,2026-06-14,21,84,0,2026-06-14T02:00:00Z
USE-0003-0012,CUST-0003,WS-0003,2026-06-15,25,150,1,2026-06-15T02:00:00Z
USE-0003-0013,CUST-0003,WS-0003,2026-06-16,27,162,1,2026-06-16T02:00:00Z
USE-0003-0014,CUST-0003,WS-0003,2026-06-17,19,76,1,2026-06-17T02:00:00Z
USE-0003-0015,CUST-0003,WS-0003,2026-06-18,25,75,2,2026-06-18T02:00:00Z
USE-0003-0016,CUST-0003,WS-0003,2026-06-19,25,150,0,2026-06-19T02:00:00Z
USE-0003-0017,CUST-0003,WS-0003,2026-06-20,24,120,1,2026-06-20T02:00:00Z
USE-0003-0018,CUST-0003,WS-0003,2026-06-21,25,100,1,2026-06-21T02:00:00Z
USE-0003-0019,CUST-0003,WS-0003,2026-06-22,22,110,1,2026-06-22T02:00:00Z
USE-0003-0020,CUST-0003,WS-0003,2026-06-23,26,78,1,2026-06-23T02:00:00Z
USE-0003-0021,CUST-0003,WS-0003,2026-06-24,24,144,2,2026-06-24T02:00:00Z
USE-0003-0022,CUST-0003,WS-0003,2026-06-25,21,126,0,2026-06-25T02:00:00Z
USE-0003-0023,CUST-0003,WS-0003,2026-06-26,28,84,1,2026-06-26T02:00:00Z
USE-0003-0024,CUST-0003,WS-0003,2026-06-27,28,84,0,2026-06-27T02:00:00Z
USE-0003-0025,CUST-0003,WS-0003,2026-06-28,25,100,1,2026-06-28T02:00:00Z
USE-0003-0026,CUST-0003,WS-0003,2026-06-29,21,63,1,2026-06-29T02:00:00Z
USE-0003-0027,CUST-0003,WS-0003,2026-06-30,25,125,0,2026-06-30T02:00:00Z
USE-0003-0028,CUST-0003,WS-0003,2026-07-01,26,130,1,2026-07-01T02:00:00Z
USE-0003-0029,CUST-0003,WS-0003,2026-07-02,25,125,1,2026-07-02T02:00:00Z
USE-0003-0030,CUST-0003,WS-0003,2026-07-03,23,69,1,2026-07-03T02:00:00Z
USE-0003-0031,CUST-0003,WS-0003,2026-07-04,19,57,1,2026-07-04T02:00:00Z
USE-0003-0032,CUST-0003,WS-0003,2026-07-05,22,66,2,2026-07-05T02:00:00Z
USE-0003-0033,CUST-0003,WS-0003,2026-07-06,19,57,0,2026-07-06T02:00:00Z
USE-0003-0034,CUST-0003,WS-0003,2026-07-07,22,66,2,2026-07-07T02:00:00Z
USE-0003-0035,CUST-0003,WS-0003,2026-07-08,21,84,0,2026-07-08T02:00:00Z
USE-0003-0036,CUST-0003,WS-0003,2026-07-09,26,78,2,2026-07-09T02:00:00Z
USE-0003-0037,CUST-0003,WS-0003,2026-07-10,22,132,2,2026-07-10T02:00:00Z
USE-0003-0038,CUST-0003,WS-0003,2026-07-11,23,115,0,2026-07-11T02:00:00Z
USE-0003-0039,CUST-0003,WS-0003,2026-07-12,28,84,0,2026-07-12T02:00:00Z
USE-0003-0040,CUST-0003,WS-0003,2026-07-13,23,69,2,2026-07-13T02:00:00Z
USE-0003-0041,CUST-0003,WS-0003,2026-07-14,19,95,2,2026-07-14T02:00:00Z
USE-0003-0042,CUST-0003,WS-0003,2026-07-15,25,150,2,2026-07-15T02:00:00Z
USE-0003-0043,CUST-0003,WS-0003,2026-07-16,22,66,2,2026-07-16T02:00:00Z
USE-0003-0044,CUST-0003,WS-0003,2026-07-17,22,66,2,2026-07-17T02:00:00Z
USE-0003-0045,CUST-0003,WS-0003,2026-07-18,23,69,2,2026-07-18T02:00:00Z
USE-0003-0046,CUST-0003,WS-0003,2026-07-19,19,95,2,2026-07-19T02:00:00Z
USE-0003-0047,CUST-0003,WS-0003,2026-07-20,25,125,0,2026-07-20T02:00:00Z
USE-0003-0048,CUST-0003,WS-0003,2026-07-21,27,135,0,2026-07-21T02:00:00Z
USE-0003-0049,CUST-0003,WS-0003,2026-07-22,25,150,0,2026-07-22T02:00:00Z
USE-0003-0050,CUST-0003,WS-0003,2026-07-23,25,125,2,2026-07-23T02:00:00Z
USE-0003-0051,CUST-0003,WS-0003,2026-07-24,26,104,1,2026-07-24T02:00:00Z
USE-0003-0052,CUST-0003,WS-0003,2026-07-25,21,105,2,2026-07-25T02:00:00Z
USE-0003-0053,CUST-0003,WS-0003,2026-07-26,27,162,1,2026-07-26T02:00:00Z
USE-0003-0054,CUST-0003,WS-0003,2026-07-27,25,125,1,2026-07-27T02:00:00Z
USE-0003-0055,CUST-0003,WS-0003,2026-07-28,22,66,1,2026-07-28T02:00:00Z
USE-0003-0056,CUST-0003,WS-0003,2026-07-29,26,104,1,2026-07-29T02:00:00Z
USE-0003-0057,CUST-0003,WS-0003,2026-07-30,28,168,1,2026-07-30T02:00:00Z
USE-0003-0058,CUST-0003,WS-0003,2026-07-31,19,114,1,2026-07-31T02:00:00Z
USE-0003-0059,CUST-0003,WS-0003,2026-08-01,21,126,0,2026-08-01T02:00:00Z
USE-0003-0060,CUST-0003,WS-0003,2026-08-02,24,120,1,2026-08-02T02:00:00Z
USE-0003-0061,CUST-0003,WS-0003,2026-08-03,23,115,2,2026-08-03T02:00:00Z
USE-0003-0062,CUST-0003,WS-0003,2026-08-04,19,76,0,2026-08-04T02:00:00Z
USE-0003-0063,CUST-0003,WS-0003,2026-08-05,22,132,1,2026-08-05T02:00:00Z
USE-0003-0064,CUST-0003,WS-0003,2026-08-06,27,108,2,2026-08-06T02:00:00Z
USE-0003-0065,CUST-0003,WS-0003,2026-08-07,26,156,1,2026-08-07T02:00:00Z
USE-0003-0066,CUST-0003,WS-0003,2026-08-08,19,57,1,2026-08-08T02:00:00Z
USE-0003-0067,CUST-0003,WS-0003,2026-08-09,22,132,2,2026-08-09T02:00:00Z
USE-0003-0068,CUST-0003,WS-0003,2026-08-10,22,110,2,2026-08-10T02:00:00Z
USE-0003-0069,CUST-0003,WS-0003,2026-08-11,28,140,1,2026-08-11T02:00:00Z
USE-0003-0070,CUST-0003,WS-0003,2026-08-12,27,135,1,2026-08-12T02:00:00Z
USE-0003-0071,CUST-0003,WS-0003,2026-08-13,27,135,1,2026-08-13T02:00:00Z
USE-0003-0072,CUST-0003,WS-0003,2026-08-14,26,130,1,2026-08-14T02:00:00Z
USE-0003-0073,CUST-0003,WS-0003,2026-08-15,23,92,0,2026-08-15T02:00:00Z
USE-0003-0074,CUST-0003,WS-0003,2026-08-16,22,110,0,2026-08-16T02:00:00Z
USE-0003-0075,CUST-0003,WS-0003,2026-08-17,27,108,0,2026-08-17T02:00:00Z
USE-0003-0076,CUST-0003,WS-0003,2026-08-18,22,132,1,2026-08-18T02:00:00Z
USE-0003-0077,CUST-0003,WS-0003,2026-08-19,28,140,0,2026-08-19T02:00:00Z
USE-0003-0078,CUST-0003,WS-0003,2026-08-20,22,110,0,2026-08-20T02:00:00Z
USE-0003-0079,CUST-0003,WS-0003,2026-08-21,24,96,1,2026-08-21T02:00:00Z
USE-0003-0080,CUST-0003,WS-0003,2026-08-22,19,76,1,2026-08-22T02:00:00Z
USE-0003-0081,CUST-0003,WS-0003,2026-08-23,19,57,2,2026-08-23T02:00:00Z
USE-0003-0082,CUST-0003,WS-0003,2026-08-24,23,92,2,2026-08-24T02:00:00Z
USE-0003-0083,CUST-0003,WS-0003,2026-08-25,26,78,0,2026-08-25T02:00:00Z
USE-0003-0084,CUST-0003,WS-0003,2026-08-26,28,140,1,2026-08-26T02:00:00Z
USE-0003-0085,CUST-0003,WS-0003,2026-08-27,26,156,1,2026-08-27T02:00:00Z
USE-0003-0086,CUST-0003,WS-0003,2026-08-28,21,63,1,2026-08-28T02:00:00Z
USE-0003-0087,CUST-0003,WS-0003,2026-08-29,26,78,0,2026-08-29T02:00:00Z
USE-0003-0088,CUST-0003,WS-0003,2026-08-30,25,150,0,2026-08-30T02:00:00Z
USE-0003-0089,CUST-0003,WS-0003,2026-08-31,28,84,0,2026-08-31T02:00:00Z
USE-0003-0090,CUST-0003,WS-0003,2026-09-01,21,105,0,2026-09-01T02:00:00Z
USE-0004-0001,CUST-0004,WS-0004,2026-06-04,21,126,2,2026-06-04T02:00:00Z
USE-0004-0002,CUST-0004,WS-0004,2026-06-05,29,116,2,2026-06-05T02:00:00Z
USE-0004-0003,CUST-0004,WS-0004,2026-06-06,26,156,1,2026-06-06T02:00:00Z
USE-0004-0004,CUST-0004,WS-0004,2026-06-07,24,144,1,2026-06-07T02:00:00Z
USE-0004-0005,CUST-0004,WS-0004,2026-06-08,29,87,2,2026-06-08T02:00:00Z
USE-0004-0006,CUST-0004,WS-0004,2026-06-09,21,84,2,2026-06-09T02:00:00Z
USE-0004-0007,CUST-0004,WS-0004,2026-06-10,23,115,2,2026-06-10T02:00:00Z
USE-0004-0008,CUST-0004,WS-0004,2026-06-11,21,84,0,2026-06-11T02:00:00Z
USE-0004-0009,CUST-0004,WS-0004,2026-06-12,22,66,0,2026-06-12T02:00:00Z
USE-0004-0010,CUST-0004,WS-0004,2026-06-13,20,120,1,2026-06-13T02:00:00Z
USE-0004-0011,CUST-0004,WS-0004,2026-06-14,29,174,1,2026-06-14T02:00:00Z
USE-0004-0012,CUST-0004,WS-0004,2026-06-15,20,80,1,2026-06-15T02:00:00Z
USE-0004-0013,CUST-0004,WS-0004,2026-06-16,24,144,0,2026-06-16T02:00:00Z
USE-0004-0014,CUST-0004,WS-0004,2026-06-17,23,115,2,2026-06-17T02:00:00Z
USE-0004-0015,CUST-0004,WS-0004,2026-06-18,29,116,1,2026-06-18T02:00:00Z
USE-0004-0016,CUST-0004,WS-0004,2026-06-19,21,84,2,2026-06-19T02:00:00Z
USE-0004-0017,CUST-0004,WS-0004,2026-06-20,22,110,0,2026-06-20T02:00:00Z
USE-0004-0018,CUST-0004,WS-0004,2026-06-21,21,63,0,2026-06-21T02:00:00Z
USE-0004-0019,CUST-0004,WS-0004,2026-06-22,24,120,1,2026-06-22T02:00:00Z
USE-0004-0020,CUST-0004,WS-0004,2026-06-23,21,126,2,2026-06-23T02:00:00Z
USE-0004-0021,CUST-0004,WS-0004,2026-06-24,24,144,1,2026-06-24T02:00:00Z
USE-0004-0022,CUST-0004,WS-0004,2026-06-25,28,168,1,2026-06-25T02:00:00Z
USE-0004-0023,CUST-0004,WS-0004,2026-06-26,21,63,1,2026-06-26T02:00:00Z
USE-0004-0024,CUST-0004,WS-0004,2026-06-27,25,125,0,2026-06-27T02:00:00Z
USE-0004-0025,CUST-0004,WS-0004,2026-06-28,21,84,2,2026-06-28T02:00:00Z
USE-0004-0026,CUST-0004,WS-0004,2026-06-29,29,87,2,2026-06-29T02:00:00Z
USE-0004-0027,CUST-0004,WS-0004,2026-06-30,24,72,0,2026-06-30T02:00:00Z
USE-0004-0028,CUST-0004,WS-0004,2026-07-01,27,162,1,2026-07-01T02:00:00Z
USE-0004-0029,CUST-0004,WS-0004,2026-07-02,22,132,2,2026-07-02T02:00:00Z
USE-0004-0030,CUST-0004,WS-0004,2026-07-03,27,81,1,2026-07-03T02:00:00Z
USE-0004-0031,CUST-0004,WS-0004,2026-07-04,25,150,1,2026-07-04T02:00:00Z
USE-0004-0032,CUST-0004,WS-0004,2026-07-05,25,75,0,2026-07-05T02:00:00Z
USE-0004-0033,CUST-0004,WS-0004,2026-07-06,25,150,2,2026-07-06T02:00:00Z
USE-0004-0034,CUST-0004,WS-0004,2026-07-07,27,135,2,2026-07-07T02:00:00Z
USE-0004-0035,CUST-0004,WS-0004,2026-07-08,26,78,1,2026-07-08T02:00:00Z
USE-0004-0036,CUST-0004,WS-0004,2026-07-09,21,105,1,2026-07-09T02:00:00Z
USE-0004-0037,CUST-0004,WS-0004,2026-07-10,25,75,1,2026-07-10T02:00:00Z
USE-0004-0038,CUST-0004,WS-0004,2026-07-11,28,84,2,2026-07-11T02:00:00Z
USE-0004-0039,CUST-0004,WS-0004,2026-07-12,28,168,1,2026-07-12T02:00:00Z
USE-0004-0040,CUST-0004,WS-0004,2026-07-13,20,80,2,2026-07-13T02:00:00Z
USE-0004-0041,CUST-0004,WS-0004,2026-07-14,25,150,2,2026-07-14T02:00:00Z
USE-0004-0042,CUST-0004,WS-0004,2026-07-15,27,81,0,2026-07-15T02:00:00Z
USE-0004-0043,CUST-0004,WS-0004,2026-07-16,24,96,1,2026-07-16T02:00:00Z
USE-0004-0044,CUST-0004,WS-0004,2026-07-17,27,162,0,2026-07-17T02:00:00Z
USE-0004-0045,CUST-0004,WS-0004,2026-07-18,20,80,2,2026-07-18T02:00:00Z
USE-0004-0046,CUST-0004,WS-0004,2026-07-19,22,110,2,2026-07-19T02:00:00Z
USE-0004-0047,CUST-0004,WS-0004,2026-07-20,20,120,0,2026-07-20T02:00:00Z
USE-0004-0048,CUST-0004,WS-0004,2026-07-21,23,69,1,2026-07-21T02:00:00Z
USE-0004-0049,CUST-0004,WS-0004,2026-07-22,21,84,1,2026-07-22T02:00:00Z
USE-0004-0050,CUST-0004,WS-0004,2026-07-23,24,120,1,2026-07-23T02:00:00Z
USE-0004-0051,CUST-0004,WS-0004,2026-07-24,27,162,0,2026-07-24T02:00:00Z
USE-0004-0052,CUST-0004,WS-0004,2026-07-25,27,108,1,2026-07-25T02:00:00Z
USE-0004-0053,CUST-0004,WS-0004,2026-07-26,23,92,0,2026-07-26T02:00:00Z
USE-0004-0054,CUST-0004,WS-0004,2026-07-27,24,144,1,2026-07-27T02:00:00Z
USE-0004-0055,CUST-0004,WS-0004,2026-07-28,28,140,0,2026-07-28T02:00:00Z
USE-0004-0056,CUST-0004,WS-0004,2026-07-29,24,120,2,2026-07-29T02:00:00Z
USE-0004-0057,CUST-0004,WS-0004,2026-07-30,29,174,0,2026-07-30T02:00:00Z
USE-0004-0058,CUST-0004,WS-0004,2026-07-31,27,162,1,2026-07-31T02:00:00Z
USE-0004-0059,CUST-0004,WS-0004,2026-08-01,25,150,1,2026-08-01T02:00:00Z
USE-0004-0060,CUST-0004,WS-0004,2026-08-02,25,100,2,2026-08-02T02:00:00Z
USE-0004-0061,CUST-0004,WS-0004,2026-08-03,23,138,0,2026-08-03T02:00:00Z
USE-0004-0062,CUST-0004,WS-0004,2026-08-04,26,78,1,2026-08-04T02:00:00Z
USE-0004-0063,CUST-0004,WS-0004,2026-08-05,27,162,1,2026-08-05T02:00:00Z
USE-0004-0064,CUST-0004,WS-0004,2026-08-06,22,132,0,2026-08-06T02:00:00Z
USE-0004-0065,CUST-0004,WS-0004,2026-08-07,22,110,0,2026-08-07T02:00:00Z
USE-0004-0066,CUST-0004,WS-0004,2026-08-08,27,81,2,2026-08-08T02:00:00Z
USE-0004-0067,CUST-0004,WS-0004,2026-08-09,27,81,2,2026-08-09T02:00:00Z
USE-0004-0068,CUST-0004,WS-0004,2026-08-10,22,132,2,2026-08-10T02:00:00Z
USE-0004-0069,CUST-0004,WS-0004,2026-08-11,22,66,1,2026-08-11T02:00:00Z
USE-0004-0070,CUST-0004,WS-0004,2026-08-12,24,120,2,2026-08-12T02:00:00Z
USE-0004-0071,CUST-0004,WS-0004,2026-08-13,26,78,1,2026-08-13T02:00:00Z
USE-0004-0072,CUST-0004,WS-0004,2026-08-14,28,168,1,2026-08-14T02:00:00Z
USE-0004-0073,CUST-0004,WS-0004,2026-08-15,27,81,2,2026-08-15T02:00:00Z
USE-0004-0074,CUST-0004,WS-0004,2026-08-16,21,84,2,2026-08-16T02:00:00Z
USE-0004-0075,CUST-0004,WS-0004,2026-08-17,24,96,2,2026-08-17T02:00:00Z
USE-0004-0076,CUST-0004,WS-0004,2026-08-18,21,126,0,2026-08-18T02:00:00Z
USE-0004-0077,CUST-0004,WS-0004,2026-08-19,21,126,0,2026-08-19T02:00:00Z
USE-0004-0078,CUST-0004,WS-0004,2026-08-20,24,72,0,2026-08-20T02:00:00Z
USE-0004-0079,CUST-0004,WS-0004,2026-08-21,25,75,1,2026-08-21T02:00:00Z
USE-0004-0080,CUST-0004,WS-0004,2026-08-22,25,125,1,2026-08-22T02:00:00Z
USE-0004-0081,CUST-0004,WS-0004,2026-08-23,22,88,2,2026-08-23T02:00:00Z
USE-0004-0082,CUST-0004,WS-0004,2026-08-24,26,104,0,2026-08-24T02:00:00Z
USE-0004-0083,CUST-0004,WS-0004,2026-08-25,22,66,2,2026-08-25T02:00:00Z
USE-0004-0084,CUST-0004,WS-0004,2026-08-26,26,104,1,2026-08-26T02:00:00Z
USE-0004-0085,CUST-0004,WS-0004,2026-08-27,29,116,0,2026-08-27T02:00:00Z
USE-0004-0086,CUST-0004,WS-0004,2026-08-28,27,135,1,2026-08-28T02:00:00Z
USE-0004-0087,CUST-0004,WS-0004,2026-08-29,24,72,1,2026-08-29T02:00:00Z
USE-0004-0088,CUST-0004,WS-0004,2026-08-30,24,96,0,2026-08-30T02:00:00Z
USE-0004-0089,CUST-0004,WS-0004,2026-08-31,27,135,2,2026-08-31T02:00:00Z
USE-0004-0090,CUST-0004,WS-0004,2026-09-01,24,144,2,2026-09-01T02:00:00Z
USE-0005-0001,CUST-0005,WS-0005,2026-06-04,28,140,0,2026-06-04T02:00:00Z
USE-0005-0002,CUST-0005,WS-0005,2026-06-05,27,162,0,2026-06-05T02:00:00Z
USE-0005-0003,CUST-0005,WS-0005,2026-06-06,24,144,2,2026-06-06T02:00:00Z
USE-0005-0004,CUST-0005,WS-0005,2026-06-07,26,130,2,2026-06-07T02:00:00Z
USE-0005-0005,CUST-0005,WS-0005,2026-06-08,25,75,2,2026-06-08T02:00:00Z
USE-0005-0006,CUST-0005,WS-0005,2026-06-09,27,135,0,2026-06-09T02:00:00Z
USE-0005-0007,CUST-0005,WS-0005,2026-06-10,30,90,2,2026-06-10T02:00:00Z
USE-0005-0008,CUST-0005,WS-0005,2026-06-11,28,140,0,2026-06-11T02:00:00Z
USE-0005-0009,CUST-0005,WS-0005,2026-06-12,30,150,0,2026-06-12T02:00:00Z
USE-0005-0010,CUST-0005,WS-0005,2026-06-13,24,120,2,2026-06-13T02:00:00Z
USE-0005-0011,CUST-0005,WS-0005,2026-06-14,23,69,2,2026-06-14T02:00:00Z
USE-0005-0012,CUST-0005,WS-0005,2026-06-15,21,105,1,2026-06-15T02:00:00Z
USE-0005-0013,CUST-0005,WS-0005,2026-06-16,21,105,2,2026-06-16T02:00:00Z
USE-0005-0014,CUST-0005,WS-0005,2026-06-17,23,69,1,2026-06-17T02:00:00Z
USE-0005-0015,CUST-0005,WS-0005,2026-06-18,26,156,0,2026-06-18T02:00:00Z
USE-0005-0016,CUST-0005,WS-0005,2026-06-19,24,96,2,2026-06-19T02:00:00Z
USE-0005-0017,CUST-0005,WS-0005,2026-06-20,26,130,0,2026-06-20T02:00:00Z
USE-0005-0018,CUST-0005,WS-0005,2026-06-21,25,150,1,2026-06-21T02:00:00Z
USE-0005-0019,CUST-0005,WS-0005,2026-06-22,26,78,1,2026-06-22T02:00:00Z
USE-0005-0020,CUST-0005,WS-0005,2026-06-23,22,88,0,2026-06-23T02:00:00Z
USE-0005-0021,CUST-0005,WS-0005,2026-06-24,27,135,0,2026-06-24T02:00:00Z
USE-0005-0022,CUST-0005,WS-0005,2026-06-25,27,81,1,2026-06-25T02:00:00Z
USE-0005-0023,CUST-0005,WS-0005,2026-06-26,29,87,1,2026-06-26T02:00:00Z
USE-0005-0024,CUST-0005,WS-0005,2026-06-27,26,130,2,2026-06-27T02:00:00Z
USE-0005-0025,CUST-0005,WS-0005,2026-06-28,27,135,0,2026-06-28T02:00:00Z
USE-0005-0026,CUST-0005,WS-0005,2026-06-29,24,144,0,2026-06-29T02:00:00Z
USE-0005-0027,CUST-0005,WS-0005,2026-06-30,30,150,2,2026-06-30T02:00:00Z
USE-0005-0028,CUST-0005,WS-0005,2026-07-01,24,72,2,2026-07-01T02:00:00Z
USE-0005-0029,CUST-0005,WS-0005,2026-07-02,28,140,2,2026-07-02T02:00:00Z
USE-0005-0030,CUST-0005,WS-0005,2026-07-03,27,81,0,2026-07-03T02:00:00Z
USE-0005-0031,CUST-0005,WS-0005,2026-07-04,21,63,1,2026-07-04T02:00:00Z
USE-0005-0032,CUST-0005,WS-0005,2026-07-05,28,84,0,2026-07-05T02:00:00Z
USE-0005-0033,CUST-0005,WS-0005,2026-07-06,24,96,1,2026-07-06T02:00:00Z
USE-0005-0034,CUST-0005,WS-0005,2026-07-07,28,140,2,2026-07-07T02:00:00Z
USE-0005-0035,CUST-0005,WS-0005,2026-07-08,29,174,2,2026-07-08T02:00:00Z
USE-0005-0036,CUST-0005,WS-0005,2026-07-09,23,138,2,2026-07-09T02:00:00Z
USE-0005-0037,CUST-0005,WS-0005,2026-07-10,22,132,2,2026-07-10T02:00:00Z
USE-0005-0038,CUST-0005,WS-0005,2026-07-11,27,135,0,2026-07-11T02:00:00Z
USE-0005-0039,CUST-0005,WS-0005,2026-07-12,26,104,1,2026-07-12T02:00:00Z
USE-0005-0040,CUST-0005,WS-0005,2026-07-13,28,112,1,2026-07-13T02:00:00Z
USE-0005-0041,CUST-0005,WS-0005,2026-07-14,22,110,2,2026-07-14T02:00:00Z
USE-0005-0042,CUST-0005,WS-0005,2026-07-15,26,78,1,2026-07-15T02:00:00Z
USE-0005-0043,CUST-0005,WS-0005,2026-07-16,25,100,0,2026-07-16T02:00:00Z
USE-0005-0044,CUST-0005,WS-0005,2026-07-17,28,84,2,2026-07-17T02:00:00Z
USE-0005-0045,CUST-0005,WS-0005,2026-07-18,24,72,0,2026-07-18T02:00:00Z
USE-0005-0046,CUST-0005,WS-0005,2026-07-19,26,104,0,2026-07-19T02:00:00Z
USE-0005-0047,CUST-0005,WS-0005,2026-07-20,30,120,0,2026-07-20T02:00:00Z
USE-0005-0048,CUST-0005,WS-0005,2026-07-21,29,116,2,2026-07-21T02:00:00Z
USE-0005-0049,CUST-0005,WS-0005,2026-07-22,24,96,1,2026-07-22T02:00:00Z
USE-0005-0050,CUST-0005,WS-0005,2026-07-23,23,69,1,2026-07-23T02:00:00Z
USE-0005-0051,CUST-0005,WS-0005,2026-07-24,23,92,2,2026-07-24T02:00:00Z
USE-0005-0052,CUST-0005,WS-0005,2026-07-25,25,100,0,2026-07-25T02:00:00Z
USE-0005-0053,CUST-0005,WS-0005,2026-07-26,21,84,0,2026-07-26T02:00:00Z
USE-0005-0054,CUST-0005,WS-0005,2026-07-27,26,104,2,2026-07-27T02:00:00Z
USE-0005-0055,CUST-0005,WS-0005,2026-07-28,26,78,0,2026-07-28T02:00:00Z
USE-0005-0056,CUST-0005,WS-0005,2026-07-29,25,75,0,2026-07-29T02:00:00Z
USE-0005-0057,CUST-0005,WS-0005,2026-07-30,27,81,2,2026-07-30T02:00:00Z
USE-0005-0058,CUST-0005,WS-0005,2026-07-31,22,132,1,2026-07-31T02:00:00Z
USE-0005-0059,CUST-0005,WS-0005,2026-08-01,26,78,1,2026-08-01T02:00:00Z
USE-0005-0060,CUST-0005,WS-0005,2026-08-02,29,116,2,2026-08-02T02:00:00Z
USE-0005-0061,CUST-0005,WS-0005,2026-08-03,21,105,1,2026-08-03T02:00:00Z
USE-0005-0062,CUST-0005,WS-0005,2026-08-04,21,63,1,2026-08-04T02:00:00Z
USE-0005-0063,CUST-0005,WS-0005,2026-08-05,27,162,2,2026-08-05T02:00:00Z
USE-0005-0064,CUST-0005,WS-0005,2026-08-06,22,132,2,2026-08-06T02:00:00Z
USE-0005-0065,CUST-0005,WS-0005,2026-08-07,28,84,0,2026-08-07T02:00:00Z
USE-0005-0066,CUST-0005,WS-0005,2026-08-08,26,104,0,2026-08-08T02:00:00Z
USE-0005-0067,CUST-0005,WS-0005,2026-08-09,23,115,2,2026-08-09T02:00:00Z
USE-0005-0068,CUST-0005,WS-0005,2026-08-10,30,150,1,2026-08-10T02:00:00Z
USE-0005-0069,CUST-0005,WS-0005,2026-08-11,30,150,1,2026-08-11T02:00:00Z
USE-0005-0070,CUST-0005,WS-0005,2026-08-12,29,174,0,2026-08-12T02:00:00Z
USE-0005-0071,CUST-0005,WS-0005,2026-08-13,22,88,1,2026-08-13T02:00:00Z
USE-0005-0072,CUST-0005,WS-0005,2026-08-14,28,112,1,2026-08-14T02:00:00Z
USE-0005-0073,CUST-0005,WS-0005,2026-08-15,26,156,1,2026-08-15T02:00:00Z
USE-0005-0074,CUST-0005,WS-0005,2026-08-16,27,81,1,2026-08-16T02:00:00Z
USE-0005-0075,CUST-0005,WS-0005,2026-08-17,27,135,2,2026-08-17T02:00:00Z
USE-0005-0076,CUST-0005,WS-0005,2026-08-18,25,125,0,2026-08-18T02:00:00Z
USE-0005-0077,CUST-0005,WS-0005,2026-08-19,28,84,0,2026-08-19T02:00:00Z
USE-0005-0078,CUST-0005,WS-0005,2026-08-20,22,66,1,2026-08-20T02:00:00Z
USE-0005-0079,CUST-0005,WS-0005,2026-08-21,22,110,0,2026-08-21T02:00:00Z
USE-0005-0080,CUST-0005,WS-0005,2026-08-22,29,87,2,2026-08-22T02:00:00Z
USE-0005-0081,CUST-0005,WS-0005,2026-08-23,29,145,2,2026-08-23T02:00:00Z
USE-0005-0082,CUST-0005,WS-0005,2026-08-24,22,132,1,2026-08-24T02:00:00Z
USE-0005-0083,CUST-0005,WS-0005,2026-08-25,27,81,1,2026-08-25T02:00:00Z
USE-0005-0084,CUST-0005,WS-0005,2026-08-26,30,150,1,2026-08-26T02:00:00Z
USE-0005-0085,CUST-0005,WS-0005,2026-08-27,22,88,0,2026-08-27T02:00:00Z
USE-0005-0086,CUST-0005,WS-0005,2026-08-28,28,112,0,2026-08-28T02:00:00Z
USE-0005-0087,CUST-0005,WS-0005,2026-08-29,26,130,0,2026-08-29T02:00:00Z
USE-0005-0088,CUST-0005,WS-0005,2026-08-30,25,100,1,2026-08-30T02:00:00Z
USE-0005-0089,CUST-0005,WS-0005,2026-08-31,29,87,2,2026-08-31T02:00:00Z
USE-0005-0090,CUST-0005,WS-0005,2026-09-01,25,75,0,2026-09-01T02:00:00Z
USE-0006-0001,CUST-0006,WS-0006,2026-06-04,26,130,1,2026-06-04T02:00:00Z
USE-0006-0002,CUST-0006,WS-0006,2026-06-05,22,88,0,2026-06-05T02:00:00Z
USE-0006-0003,CUST-0006,WS-0006,2026-06-06,31,186,0,2026-06-06T02:00:00Z
USE-0006-0004,CUST-0006,WS-0006,2026-06-07,24,72,0,2026-06-07T02:00:00Z
USE-0006-0005,CUST-0006,WS-0006,2026-06-08,30,120,1,2026-06-08T02:00:00Z
USE-0006-0006,CUST-0006,WS-0006,2026-06-09,28,168,1,2026-06-09T02:00:00Z
USE-0006-0007,CUST-0006,WS-0006,2026-06-10,24,120,1,2026-06-10T02:00:00Z
USE-0006-0008,CUST-0006,WS-0006,2026-06-11,27,81,0,2026-06-11T02:00:00Z
USE-0006-0009,CUST-0006,WS-0006,2026-06-12,24,96,2,2026-06-12T02:00:00Z
USE-0006-0010,CUST-0006,WS-0006,2026-06-13,22,66,1,2026-06-13T02:00:00Z
USE-0006-0011,CUST-0006,WS-0006,2026-06-14,29,174,1,2026-06-14T02:00:00Z
USE-0006-0012,CUST-0006,WS-0006,2026-06-15,31,186,1,2026-06-15T02:00:00Z
USE-0006-0013,CUST-0006,WS-0006,2026-06-16,26,104,2,2026-06-16T02:00:00Z
USE-0006-0014,CUST-0006,WS-0006,2026-06-17,23,115,1,2026-06-17T02:00:00Z
USE-0006-0015,CUST-0006,WS-0006,2026-06-18,23,115,2,2026-06-18T02:00:00Z
USE-0006-0016,CUST-0006,WS-0006,2026-06-19,31,186,2,2026-06-19T02:00:00Z
USE-0006-0017,CUST-0006,WS-0006,2026-06-20,26,78,0,2026-06-20T02:00:00Z
USE-0006-0018,CUST-0006,WS-0006,2026-06-21,28,84,0,2026-06-21T02:00:00Z
USE-0006-0019,CUST-0006,WS-0006,2026-06-22,25,125,0,2026-06-22T02:00:00Z
USE-0006-0020,CUST-0006,WS-0006,2026-06-23,24,120,1,2026-06-23T02:00:00Z
USE-0006-0021,CUST-0006,WS-0006,2026-06-24,27,81,0,2026-06-24T02:00:00Z
USE-0006-0022,CUST-0006,WS-0006,2026-06-25,29,174,0,2026-06-25T02:00:00Z
USE-0006-0023,CUST-0006,WS-0006,2026-06-26,24,144,2,2026-06-26T02:00:00Z
USE-0006-0024,CUST-0006,WS-0006,2026-06-27,25,125,0,2026-06-27T02:00:00Z
USE-0006-0025,CUST-0006,WS-0006,2026-06-28,28,84,1,2026-06-28T02:00:00Z
USE-0006-0026,CUST-0006,WS-0006,2026-06-29,22,132,0,2026-06-29T02:00:00Z
USE-0006-0027,CUST-0006,WS-0006,2026-06-30,27,162,2,2026-06-30T02:00:00Z
USE-0006-0028,CUST-0006,WS-0006,2026-07-01,28,168,1,2026-07-01T02:00:00Z
USE-0006-0029,CUST-0006,WS-0006,2026-07-02,23,138,0,2026-07-02T02:00:00Z
USE-0006-0030,CUST-0006,WS-0006,2026-07-03,27,108,2,2026-07-03T02:00:00Z
USE-0006-0031,CUST-0006,WS-0006,2026-07-04,29,145,0,2026-07-04T02:00:00Z
USE-0006-0032,CUST-0006,WS-0006,2026-07-05,28,84,0,2026-07-05T02:00:00Z
USE-0006-0033,CUST-0006,WS-0006,2026-07-06,28,168,2,2026-07-06T02:00:00Z
USE-0006-0034,CUST-0006,WS-0006,2026-07-07,23,138,1,2026-07-07T02:00:00Z
USE-0006-0035,CUST-0006,WS-0006,2026-07-08,27,108,1,2026-07-08T02:00:00Z
USE-0006-0036,CUST-0006,WS-0006,2026-07-09,24,72,2,2026-07-09T02:00:00Z
USE-0006-0037,CUST-0006,WS-0006,2026-07-10,23,92,1,2026-07-10T02:00:00Z
USE-0006-0038,CUST-0006,WS-0006,2026-07-11,27,108,0,2026-07-11T02:00:00Z
USE-0006-0039,CUST-0006,WS-0006,2026-07-12,23,92,1,2026-07-12T02:00:00Z
USE-0006-0040,CUST-0006,WS-0006,2026-07-13,25,100,2,2026-07-13T02:00:00Z
USE-0006-0041,CUST-0006,WS-0006,2026-07-14,24,72,0,2026-07-14T02:00:00Z
USE-0006-0042,CUST-0006,WS-0006,2026-07-15,29,174,2,2026-07-15T02:00:00Z
USE-0006-0043,CUST-0006,WS-0006,2026-07-16,31,186,2,2026-07-16T02:00:00Z
USE-0006-0044,CUST-0006,WS-0006,2026-07-17,31,155,2,2026-07-17T02:00:00Z
USE-0006-0045,CUST-0006,WS-0006,2026-07-18,27,108,1,2026-07-18T02:00:00Z
USE-0006-0046,CUST-0006,WS-0006,2026-07-19,23,138,1,2026-07-19T02:00:00Z
USE-0006-0047,CUST-0006,WS-0006,2026-07-20,26,130,2,2026-07-20T02:00:00Z
USE-0006-0048,CUST-0006,WS-0006,2026-07-21,22,110,2,2026-07-21T02:00:00Z
USE-0006-0049,CUST-0006,WS-0006,2026-07-22,23,115,1,2026-07-22T02:00:00Z
USE-0006-0050,CUST-0006,WS-0006,2026-07-23,29,87,0,2026-07-23T02:00:00Z
USE-0006-0051,CUST-0006,WS-0006,2026-07-24,27,135,0,2026-07-24T02:00:00Z
USE-0006-0052,CUST-0006,WS-0006,2026-07-25,23,138,1,2026-07-25T02:00:00Z
USE-0006-0053,CUST-0006,WS-0006,2026-07-26,31,93,1,2026-07-26T02:00:00Z
USE-0006-0054,CUST-0006,WS-0006,2026-07-27,31,124,1,2026-07-27T02:00:00Z
USE-0006-0055,CUST-0006,WS-0006,2026-07-28,31,186,2,2026-07-28T02:00:00Z
USE-0006-0056,CUST-0006,WS-0006,2026-07-29,24,72,1,2026-07-29T02:00:00Z
USE-0006-0057,CUST-0006,WS-0006,2026-07-30,23,115,2,2026-07-30T02:00:00Z
USE-0006-0058,CUST-0006,WS-0006,2026-07-31,23,92,0,2026-07-31T02:00:00Z
USE-0006-0059,CUST-0006,WS-0006,2026-08-01,25,150,1,2026-08-01T02:00:00Z
USE-0006-0060,CUST-0006,WS-0006,2026-08-02,30,120,1,2026-08-02T02:00:00Z
USE-0006-0061,CUST-0006,WS-0006,2026-08-03,27,135,1,2026-08-03T02:00:00Z
USE-0006-0062,CUST-0006,WS-0006,2026-08-04,28,140,2,2026-08-04T02:00:00Z
USE-0006-0063,CUST-0006,WS-0006,2026-08-05,31,93,2,2026-08-05T02:00:00Z
USE-0006-0064,CUST-0006,WS-0006,2026-08-06,27,81,1,2026-08-06T02:00:00Z
USE-0006-0065,CUST-0006,WS-0006,2026-08-07,23,138,1,2026-08-07T02:00:00Z
USE-0006-0066,CUST-0006,WS-0006,2026-08-08,26,104,1,2026-08-08T02:00:00Z
USE-0006-0067,CUST-0006,WS-0006,2026-08-09,23,92,1,2026-08-09T02:00:00Z
USE-0006-0068,CUST-0006,WS-0006,2026-08-10,26,156,0,2026-08-10T02:00:00Z
USE-0006-0069,CUST-0006,WS-0006,2026-08-11,31,93,1,2026-08-11T02:00:00Z
USE-0006-0070,CUST-0006,WS-0006,2026-08-12,30,180,2,2026-08-12T02:00:00Z
USE-0006-0077,CUST-0006,WS-0006,2026-08-19,24,72,1,2026-08-19T02:00:00Z
USE-0006-0078,CUST-0006,WS-0006,2026-08-20,23,69,2,2026-08-20T02:00:00Z
USE-0006-0079,CUST-0006,WS-0006,2026-08-21,27,108,2,2026-08-21T02:00:00Z
USE-0006-0080,CUST-0006,WS-0006,2026-08-22,28,112,0,2026-08-22T02:00:00Z
USE-0006-0081,CUST-0006,WS-0006,2026-08-23,24,96,2,2026-08-23T02:00:00Z
USE-0006-0082,CUST-0006,WS-0006,2026-08-24,29,87,1,2026-08-24T02:00:00Z
USE-0006-0083,CUST-0006,WS-0006,2026-08-25,27,108,1,2026-08-25T02:00:00Z
USE-0006-0084,CUST-0006,WS-0006,2026-08-26,31,155,2,2026-08-26T02:00:00Z
USE-0006-0085,CUST-0006,WS-0006,2026-08-27,29,116,2,2026-08-27T02:00:00Z
USE-0006-0086,CUST-0006,WS-0006,2026-08-28,25,125,1,2026-08-28T02:00:00Z
USE-0006-0087,CUST-0006,WS-0006,2026-08-29,25,125,2,2026-08-29T02:00:00Z
USE-0006-0088,CUST-0006,WS-0006,2026-08-30,31,186,1,2026-08-30T02:00:00Z
USE-0006-0089,CUST-0006,WS-0006,2026-08-31,26,156,2,2026-08-31T02:00:00Z
USE-0006-0090,CUST-0006,WS-0006,2026-09-01,30,180,0,2026-09-01T02:00:00Z
USE-0007-0001,CUST-0007,WS-0007,2026-06-04,42,294,1,2026-06-04T02:00:00Z
USE-0007-0002,CUST-0007,WS-0007,2026-06-05,43,301,2,2026-06-05T02:00:00Z
USE-0007-0003,CUST-0007,WS-0007,2026-06-06,43,301,1,2026-06-06T02:00:00Z
USE-0007-0004,CUST-0007,WS-0007,2026-06-07,50,350,1,2026-06-07T02:00:00Z
USE-0007-0005,CUST-0007,WS-0007,2026-06-08,45,315,0,2026-06-08T02:00:00Z
USE-0007-0006,CUST-0007,WS-0007,2026-06-09,48,336,0,2026-06-09T02:00:00Z
USE-0007-0007,CUST-0007,WS-0007,2026-06-10,47,329,2,2026-06-10T02:00:00Z
USE-0007-0008,CUST-0007,WS-0007,2026-06-11,47,329,0,2026-06-11T02:00:00Z
USE-0007-0009,CUST-0007,WS-0007,2026-06-12,43,301,1,2026-06-12T02:00:00Z
USE-0007-0010,CUST-0007,WS-0007,2026-06-13,42,294,0,2026-06-13T02:00:00Z
USE-0007-0011,CUST-0007,WS-0007,2026-06-14,44,308,2,2026-06-14T02:00:00Z
USE-0007-0012,CUST-0007,WS-0007,2026-06-15,42,294,2,2026-06-15T02:00:00Z
USE-0007-0013,CUST-0007,WS-0007,2026-06-16,45,315,1,2026-06-16T02:00:00Z
USE-0007-0014,CUST-0007,WS-0007,2026-06-17,46,322,0,2026-06-17T02:00:00Z
USE-0007-0015,CUST-0007,WS-0007,2026-06-18,42,294,0,2026-06-18T02:00:00Z
USE-0007-0016,CUST-0007,WS-0007,2026-06-19,49,343,2,2026-06-19T02:00:00Z
USE-0007-0017,CUST-0007,WS-0007,2026-06-20,50,350,1,2026-06-20T02:00:00Z
USE-0007-0018,CUST-0007,WS-0007,2026-06-21,44,308,2,2026-06-21T02:00:00Z
USE-0007-0019,CUST-0007,WS-0007,2026-06-22,47,329,0,2026-06-22T02:00:00Z
USE-0007-0020,CUST-0007,WS-0007,2026-06-23,43,301,0,2026-06-23T02:00:00Z
USE-0007-0021,CUST-0007,WS-0007,2026-06-24,50,350,0,2026-06-24T02:00:00Z
USE-0007-0022,CUST-0007,WS-0007,2026-06-25,49,343,1,2026-06-25T02:00:00Z
USE-0007-0023,CUST-0007,WS-0007,2026-06-26,46,322,1,2026-06-26T02:00:00Z
USE-0007-0024,CUST-0007,WS-0007,2026-06-27,47,329,0,2026-06-27T02:00:00Z
USE-0007-0025,CUST-0007,WS-0007,2026-06-28,47,329,2,2026-06-28T02:00:00Z
USE-0007-0026,CUST-0007,WS-0007,2026-06-29,50,350,1,2026-06-29T02:00:00Z
USE-0007-0027,CUST-0007,WS-0007,2026-06-30,49,343,2,2026-06-30T02:00:00Z
USE-0007-0028,CUST-0007,WS-0007,2026-07-01,43,301,0,2026-07-01T02:00:00Z
USE-0007-0029,CUST-0007,WS-0007,2026-07-02,45,315,1,2026-07-02T02:00:00Z
USE-0007-0030,CUST-0007,WS-0007,2026-07-03,47,329,0,2026-07-03T02:00:00Z
USE-0007-0031,CUST-0007,WS-0007,2026-07-04,49,343,2,2026-07-04T02:00:00Z
USE-0007-0032,CUST-0007,WS-0007,2026-07-05,45,315,2,2026-07-05T02:00:00Z
USE-0007-0033,CUST-0007,WS-0007,2026-07-06,47,329,0,2026-07-06T02:00:00Z
USE-0007-0034,CUST-0007,WS-0007,2026-07-07,48,336,1,2026-07-07T02:00:00Z
USE-0007-0035,CUST-0007,WS-0007,2026-07-08,47,329,1,2026-07-08T02:00:00Z
USE-0007-0036,CUST-0007,WS-0007,2026-07-09,49,343,2,2026-07-09T02:00:00Z
USE-0007-0037,CUST-0007,WS-0007,2026-07-10,48,336,0,2026-07-10T02:00:00Z
USE-0007-0038,CUST-0007,WS-0007,2026-07-11,44,308,2,2026-07-11T02:00:00Z
USE-0007-0039,CUST-0007,WS-0007,2026-07-12,43,301,1,2026-07-12T02:00:00Z
USE-0007-0040,CUST-0007,WS-0007,2026-07-13,46,322,2,2026-07-13T02:00:00Z
USE-0007-0041,CUST-0007,WS-0007,2026-07-14,48,336,2,2026-07-14T02:00:00Z
USE-0007-0042,CUST-0007,WS-0007,2026-07-15,49,343,1,2026-07-15T02:00:00Z
USE-0007-0043,CUST-0007,WS-0007,2026-07-16,48,336,2,2026-07-16T02:00:00Z
USE-0007-0044,CUST-0007,WS-0007,2026-07-17,48,336,0,2026-07-17T02:00:00Z
USE-0007-0045,CUST-0007,WS-0007,2026-07-18,44,308,0,2026-07-18T02:00:00Z
USE-0007-0046,CUST-0007,WS-0007,2026-07-19,44,308,0,2026-07-19T02:00:00Z
USE-0007-0047,CUST-0007,WS-0007,2026-07-20,47,329,2,2026-07-20T02:00:00Z
USE-0007-0048,CUST-0007,WS-0007,2026-07-21,42,294,2,2026-07-21T02:00:00Z
USE-0007-0049,CUST-0007,WS-0007,2026-07-22,49,343,2,2026-07-22T02:00:00Z
USE-0007-0050,CUST-0007,WS-0007,2026-07-23,43,301,1,2026-07-23T02:00:00Z
USE-0007-0051,CUST-0007,WS-0007,2026-07-24,47,329,2,2026-07-24T02:00:00Z
USE-0007-0052,CUST-0007,WS-0007,2026-07-25,46,322,2,2026-07-25T02:00:00Z
USE-0007-0053,CUST-0007,WS-0007,2026-07-26,44,308,0,2026-07-26T02:00:00Z
USE-0007-0054,CUST-0007,WS-0007,2026-07-27,43,301,2,2026-07-27T02:00:00Z
USE-0007-0055,CUST-0007,WS-0007,2026-07-28,49,343,2,2026-07-28T02:00:00Z
USE-0007-0056,CUST-0007,WS-0007,2026-07-29,49,343,2,2026-07-29T02:00:00Z
USE-0007-0057,CUST-0007,WS-0007,2026-07-30,43,301,0,2026-07-30T02:00:00Z
USE-0007-0058,CUST-0007,WS-0007,2026-07-31,49,343,2,2026-07-31T02:00:00Z
USE-0007-0059,CUST-0007,WS-0007,2026-08-01,47,329,2,2026-08-01T02:00:00Z
USE-0007-0060,CUST-0007,WS-0007,2026-08-02,44,308,1,2026-08-02T02:00:00Z
USE-0007-0061,CUST-0007,WS-0007,2026-08-03,45,315,2,2026-08-03T02:00:00Z
USE-0007-0062,CUST-0007,WS-0007,2026-08-04,45,315,0,2026-08-04T02:00:00Z
USE-0007-0063,CUST-0007,WS-0007,2026-08-05,50,350,1,2026-08-05T02:00:00Z
USE-0007-0064,CUST-0007,WS-0007,2026-08-06,50,350,1,2026-08-06T02:00:00Z
USE-0007-0065,CUST-0007,WS-0007,2026-08-07,46,322,0,2026-08-07T02:00:00Z
USE-0007-0066,CUST-0007,WS-0007,2026-08-08,48,336,2,2026-08-08T02:00:00Z
USE-0007-0067,CUST-0007,WS-0007,2026-08-09,47,329,0,2026-08-09T02:00:00Z
USE-0007-0068,CUST-0007,WS-0007,2026-08-10,50,350,1,2026-08-10T02:00:00Z
USE-0007-0069,CUST-0007,WS-0007,2026-08-11,44,308,2,2026-08-11T02:00:00Z
USE-0007-0070,CUST-0007,WS-0007,2026-08-12,42,294,2,2026-08-12T02:00:00Z
USE-0007-0071,CUST-0007,WS-0007,2026-08-13,44,308,1,2026-08-13T02:00:00Z
USE-0007-0072,CUST-0007,WS-0007,2026-08-14,45,315,2,2026-08-14T02:00:00Z
USE-0007-0073,CUST-0007,WS-0007,2026-08-15,46,322,0,2026-08-15T02:00:00Z
USE-0007-0074,CUST-0007,WS-0007,2026-08-16,46,322,0,2026-08-16T02:00:00Z
USE-0007-0075,CUST-0007,WS-0007,2026-08-17,44,308,2,2026-08-17T02:00:00Z
USE-0007-0076,CUST-0007,WS-0007,2026-08-18,47,329,0,2026-08-18T02:00:00Z
USE-0007-0077,CUST-0007,WS-0007,2026-08-19,43,301,0,2026-08-19T02:00:00Z
USE-0007-0078,CUST-0007,WS-0007,2026-08-20,45,315,2,2026-08-20T02:00:00Z
USE-0007-0079,CUST-0007,WS-0007,2026-08-21,42,294,2,2026-08-21T02:00:00Z
USE-0007-0080,CUST-0007,WS-0007,2026-08-22,46,322,2,2026-08-22T02:00:00Z
USE-0007-0081,CUST-0007,WS-0007,2026-08-23,48,336,2,2026-08-23T02:00:00Z
USE-0007-0082,CUST-0007,WS-0007,2026-08-24,42,294,0,2026-08-24T02:00:00Z
USE-0007-0083,CUST-0007,WS-0007,2026-08-25,49,343,1,2026-08-25T02:00:00Z
USE-0007-0084,CUST-0007,WS-0007,2026-08-26,44,308,1,2026-08-26T02:00:00Z
USE-0007-0085,CUST-0007,WS-0007,2026-08-27,47,329,2,2026-08-27T02:00:00Z
USE-0007-0086,CUST-0007,WS-0007,2026-08-28,50,350,1,2026-08-28T02:00:00Z
USE-0007-0087,CUST-0007,WS-0007,2026-08-29,45,315,1,2026-08-29T02:00:00Z
USE-0007-0088,CUST-0007,WS-0007,2026-08-30,49,343,1,2026-08-30T02:00:00Z
USE-0007-0089,CUST-0007,WS-0007,2026-08-31,42,294,0,2026-08-31T02:00:00Z
USE-0007-0090,CUST-0007,WS-0007,2026-09-01,48,336,2,2026-09-01T02:00:00Z
USE-0008-0001,CUST-0008,WS-0008,2026-06-04,26,130,2,2026-06-04T02:00:00Z
USE-0008-0002,CUST-0008,WS-0008,2026-06-05,29,116,0,2026-06-05T02:00:00Z
USE-0008-0003,CUST-0008,WS-0008,2026-06-06,31,186,1,2026-06-06T02:00:00Z
USE-0008-0004,CUST-0008,WS-0008,2026-06-07,28,168,0,2026-06-07T02:00:00Z
USE-0008-0005,CUST-0008,WS-0008,2026-06-08,25,150,2,2026-06-08T02:00:00Z
USE-0008-0006,CUST-0008,WS-0008,2026-06-09,31,124,0,2026-06-09T02:00:00Z
USE-0008-0007,CUST-0008,WS-0008,2026-06-10,33,165,0,2026-06-10T02:00:00Z
USE-0008-0008,CUST-0008,WS-0008,2026-06-11,24,120,1,2026-06-11T02:00:00Z
USE-0008-0009,CUST-0008,WS-0008,2026-06-12,33,198,1,2026-06-12T02:00:00Z
USE-0008-0010,CUST-0008,WS-0008,2026-06-13,32,96,0,2026-06-13T02:00:00Z
USE-0008-0011,CUST-0008,WS-0008,2026-06-14,30,120,1,2026-06-14T02:00:00Z
USE-0008-0012,CUST-0008,WS-0008,2026-06-15,29,174,1,2026-06-15T02:00:00Z
USE-0008-0013,CUST-0008,WS-0008,2026-06-16,24,144,0,2026-06-16T02:00:00Z
USE-0008-0014,CUST-0008,WS-0008,2026-06-17,33,132,1,2026-06-17T02:00:00Z
USE-0008-0015,CUST-0008,WS-0008,2026-06-18,32,160,0,2026-06-18T02:00:00Z
USE-0008-0016,CUST-0008,WS-0008,2026-06-19,30,180,2,2026-06-19T02:00:00Z
USE-0008-0017,CUST-0008,WS-0008,2026-06-20,28,84,0,2026-06-20T02:00:00Z
USE-0008-0018,CUST-0008,WS-0008,2026-06-21,25,150,1,2026-06-21T02:00:00Z
USE-0008-0019,CUST-0008,WS-0008,2026-06-22,29,145,0,2026-06-22T02:00:00Z
USE-0008-0020,CUST-0008,WS-0008,2026-06-23,27,162,2,2026-06-23T02:00:00Z
USE-0008-0021,CUST-0008,WS-0008,2026-06-24,24,72,0,2026-06-24T02:00:00Z
USE-0008-0022,CUST-0008,WS-0008,2026-06-25,26,130,1,2026-06-25T02:00:00Z
USE-0008-0023,CUST-0008,WS-0008,2026-06-26,32,192,0,2026-06-26T02:00:00Z
USE-0008-0024,CUST-0008,WS-0008,2026-06-27,33,132,1,2026-06-27T02:00:00Z
USE-0008-0025,CUST-0008,WS-0008,2026-06-28,33,165,0,2026-06-28T02:00:00Z
USE-0008-0026,CUST-0008,WS-0008,2026-06-29,30,150,2,2026-06-29T02:00:00Z
USE-0008-0027,CUST-0008,WS-0008,2026-06-30,29,174,2,2026-06-30T02:00:00Z
USE-0008-0028,CUST-0008,WS-0008,2026-07-01,33,165,1,2026-07-01T02:00:00Z
USE-0008-0029,CUST-0008,WS-0008,2026-07-02,24,120,1,2026-07-02T02:00:00Z
USE-0008-0030,CUST-0008,WS-0008,2026-07-03,25,150,2,2026-07-03T02:00:00Z
USE-0008-0031,CUST-0008,WS-0008,2026-07-04,28,84,2,2026-07-04T02:00:00Z
USE-0008-0032,CUST-0008,WS-0008,2026-07-05,31,155,2,2026-07-05T02:00:00Z
USE-0008-0033,CUST-0008,WS-0008,2026-07-06,33,132,2,2026-07-06T02:00:00Z
USE-0008-0034,CUST-0008,WS-0008,2026-07-07,24,144,0,2026-07-07T02:00:00Z
USE-0008-0035,CUST-0008,WS-0008,2026-07-08,32,192,0,2026-07-08T02:00:00Z
USE-0008-0036,CUST-0008,WS-0008,2026-07-09,27,81,2,2026-07-09T02:00:00Z
USE-0008-0037,CUST-0008,WS-0008,2026-07-10,25,100,0,2026-07-10T02:00:00Z
USE-0008-0038,CUST-0008,WS-0008,2026-07-11,31,155,1,2026-07-11T02:00:00Z
USE-0008-0039,CUST-0008,WS-0008,2026-07-12,26,156,2,2026-07-12T02:00:00Z
USE-0008-0040,CUST-0008,WS-0008,2026-07-13,27,162,2,2026-07-13T02:00:00Z
USE-0008-0041,CUST-0008,WS-0008,2026-07-14,33,198,2,2026-07-14T02:00:00Z
USE-0008-0042,CUST-0008,WS-0008,2026-07-15,24,96,2,2026-07-15T02:00:00Z
USE-0008-0043,CUST-0008,WS-0008,2026-07-16,27,135,2,2026-07-16T02:00:00Z
USE-0008-0044,CUST-0008,WS-0008,2026-07-17,31,186,1,2026-07-17T02:00:00Z
USE-0008-0045,CUST-0008,WS-0008,2026-07-18,26,156,2,2026-07-18T02:00:00Z
USE-0008-0046,CUST-0008,WS-0008,2026-07-19,29,145,2,2026-07-19T02:00:00Z
USE-0008-0047,CUST-0008,WS-0008,2026-07-20,28,168,0,2026-07-20T02:00:00Z
USE-0008-0048,CUST-0008,WS-0008,2026-07-21,27,135,2,2026-07-21T02:00:00Z
USE-0008-0049,CUST-0008,WS-0008,2026-07-22,28,112,1,2026-07-22T02:00:00Z
USE-0008-0050,CUST-0008,WS-0008,2026-07-23,28,112,2,2026-07-23T02:00:00Z
USE-0008-0051,CUST-0008,WS-0008,2026-07-24,31,155,1,2026-07-24T02:00:00Z
USE-0008-0052,CUST-0008,WS-0008,2026-07-25,29,145,1,2026-07-25T02:00:00Z
USE-0008-0053,CUST-0008,WS-0008,2026-07-26,25,150,1,2026-07-26T02:00:00Z
USE-0008-0054,CUST-0008,WS-0008,2026-07-27,29,116,1,2026-07-27T02:00:00Z
USE-0008-0055,CUST-0008,WS-0008,2026-07-28,24,120,2,2026-07-28T02:00:00Z
USE-0008-0056,CUST-0008,WS-0008,2026-07-29,25,125,1,2026-07-29T02:00:00Z
USE-0008-0057,CUST-0008,WS-0008,2026-07-30,28,168,0,2026-07-30T02:00:00Z
USE-0008-0058,CUST-0008,WS-0008,2026-07-31,27,135,2,2026-07-31T02:00:00Z
USE-0008-0059,CUST-0008,WS-0008,2026-08-01,28,112,0,2026-08-01T02:00:00Z
USE-0008-0060,CUST-0008,WS-0008,2026-08-02,33,132,0,2026-08-02T02:00:00Z
USE-0008-0061,CUST-0008,WS-0008,2026-08-03,24,96,2,2026-08-03T02:00:00Z
USE-0008-0062,CUST-0008,WS-0008,2026-08-04,27,81,0,2026-08-04T02:00:00Z
USE-0008-0063,CUST-0008,WS-0008,2026-08-05,30,150,2,2026-08-05T02:00:00Z
USE-0008-0064,CUST-0008,WS-0008,2026-08-06,31,93,2,2026-08-06T02:00:00Z
USE-0008-0065,CUST-0008,WS-0008,2026-08-07,26,78,2,2026-08-07T02:00:00Z
USE-0008-0066,CUST-0008,WS-0008,2026-08-08,26,156,2,2026-08-08T02:00:00Z
USE-0008-0067,CUST-0008,WS-0008,2026-08-09,31,186,2,2026-08-09T02:00:00Z
USE-0008-0068,CUST-0008,WS-0008,2026-08-10,27,135,1,2026-08-10T02:00:00Z
USE-0008-0069,CUST-0008,WS-0008,2026-08-11,28,84,0,2026-08-11T02:00:00Z
USE-0008-0070,CUST-0008,WS-0008,2026-08-12,33,132,2,2026-08-12T02:00:00Z
USE-0008-0071,CUST-0008,WS-0008,2026-08-13,24,96,1,2026-08-13T02:00:00Z
USE-0008-0072,CUST-0008,WS-0008,2026-08-14,26,78,1,2026-08-14T02:00:00Z
USE-0008-0073,CUST-0008,WS-0008,2026-08-15,31,124,2,2026-08-15T02:00:00Z
USE-0008-0074,CUST-0008,WS-0008,2026-08-16,28,84,0,2026-08-16T02:00:00Z
USE-0008-0075,CUST-0008,WS-0008,2026-08-17,28,84,1,2026-08-17T02:00:00Z
USE-0008-0076,CUST-0008,WS-0008,2026-08-18,28,168,2,2026-08-18T02:00:00Z
USE-0008-0077,CUST-0008,WS-0008,2026-08-19,32,192,0,2026-08-19T02:00:00Z
USE-0008-0078,CUST-0008,WS-0008,2026-08-20,32,192,1,2026-08-20T02:00:00Z
USE-0008-0079,CUST-0008,WS-0008,2026-08-21,27,81,1,2026-08-21T02:00:00Z
USE-0008-0080,CUST-0008,WS-0008,2026-08-22,26,156,2,2026-08-22T02:00:00Z
USE-0008-0081,CUST-0008,WS-0008,2026-08-23,28,112,0,2026-08-23T02:00:00Z
USE-0008-0082,CUST-0008,WS-0008,2026-08-24,29,145,2,2026-08-24T02:00:00Z
USE-0008-0083,CUST-0008,WS-0008,2026-08-25,27,108,2,2026-08-25T02:00:00Z
USE-0008-0084,CUST-0008,WS-0008,2026-08-26,30,180,2,2026-08-26T02:00:00Z
USE-0008-0085,CUST-0008,WS-0008,2026-08-27,29,87,1,2026-08-27T02:00:00Z
USE-0008-0086,CUST-0008,WS-0008,2026-08-28,25,100,0,2026-08-28T02:00:00Z
USE-0008-0087,CUST-0008,WS-0008,2026-08-29,31,155,0,2026-08-29T02:00:00Z
USE-0008-0088,CUST-0008,WS-0008,2026-08-30,24,120,1,2026-08-30T02:00:00Z
USE-0008-0089,CUST-0008,WS-0008,2026-08-31,27,162,1,2026-08-31T02:00:00Z
USE-0008-0090,CUST-0008,WS-0008,2026-09-01,29,145,2,2026-09-01T02:00:00Z
USE-0009-0001,CUST-0009,WS-0009,2026-06-04,25,125,2,2026-06-04T02:00:00Z
USE-0009-0002,CUST-0009,WS-0009,2026-06-05,30,120,0,2026-06-05T02:00:00Z
USE-0009-0003,CUST-0009,WS-0009,2026-06-06,26,156,1,2026-06-06T02:00:00Z
USE-0009-0004,CUST-0009,WS-0009,2026-06-07,27,162,2,2026-06-07T02:00:00Z
USE-0009-0005,CUST-0009,WS-0009,2026-06-08,33,165,2,2026-06-08T02:00:00Z
USE-0009-0006,CUST-0009,WS-0009,2026-06-09,26,130,1,2026-06-09T02:00:00Z
USE-0009-0007,CUST-0009,WS-0009,2026-06-10,34,136,0,2026-06-10T02:00:00Z
USE-0009-0008,CUST-0009,WS-0009,2026-06-11,27,162,0,2026-06-11T02:00:00Z
USE-0009-0009,CUST-0009,WS-0009,2026-06-12,32,160,1,2026-06-12T02:00:00Z
USE-0009-0010,CUST-0009,WS-0009,2026-06-13,33,198,2,2026-06-13T02:00:00Z
USE-0009-0011,CUST-0009,WS-0009,2026-06-14,28,112,2,2026-06-14T02:00:00Z
USE-0009-0012,CUST-0009,WS-0009,2026-06-15,34,102,2,2026-06-15T02:00:00Z
USE-0009-0013,CUST-0009,WS-0009,2026-06-16,32,160,0,2026-06-16T02:00:00Z
USE-0009-0014,CUST-0009,WS-0009,2026-06-17,34,102,0,2026-06-17T02:00:00Z
USE-0009-0015,CUST-0009,WS-0009,2026-06-18,33,132,2,2026-06-18T02:00:00Z
USE-0009-0016,CUST-0009,WS-0009,2026-06-19,33,132,0,2026-06-19T02:00:00Z
USE-0009-0017,CUST-0009,WS-0009,2026-06-20,30,180,0,2026-06-20T02:00:00Z
USE-0009-0018,CUST-0009,WS-0009,2026-06-21,28,168,0,2026-06-21T02:00:00Z
USE-0009-0019,CUST-0009,WS-0009,2026-06-22,33,198,0,2026-06-22T02:00:00Z
USE-0009-0020,CUST-0009,WS-0009,2026-06-23,32,128,2,2026-06-23T02:00:00Z
USE-0009-0021,CUST-0009,WS-0009,2026-06-24,31,186,2,2026-06-24T02:00:00Z
USE-0009-0022,CUST-0009,WS-0009,2026-06-25,25,150,2,2026-06-25T02:00:00Z
USE-0009-0023,CUST-0009,WS-0009,2026-06-26,29,87,1,2026-06-26T02:00:00Z
USE-0009-0024,CUST-0009,WS-0009,2026-06-27,29,87,2,2026-06-27T02:00:00Z
USE-0009-0025,CUST-0009,WS-0009,2026-06-28,28,84,0,2026-06-28T02:00:00Z
USE-0009-0026,CUST-0009,WS-0009,2026-06-29,31,155,2,2026-06-29T02:00:00Z
USE-0009-0027,CUST-0009,WS-0009,2026-06-30,26,78,0,2026-06-30T02:00:00Z
USE-0009-0028,CUST-0009,WS-0009,2026-07-01,32,96,1,2026-07-01T02:00:00Z
USE-0009-0029,CUST-0009,WS-0009,2026-07-02,31,124,0,2026-07-02T02:00:00Z
USE-0009-0030,CUST-0009,WS-0009,2026-07-03,31,155,1,2026-07-03T02:00:00Z
USE-0009-0031,CUST-0009,WS-0009,2026-07-04,32,192,1,2026-07-04T02:00:00Z
USE-0009-0032,CUST-0009,WS-0009,2026-07-05,26,104,2,2026-07-05T02:00:00Z
USE-0009-0033,CUST-0009,WS-0009,2026-07-06,30,90,0,2026-07-06T02:00:00Z
USE-0009-0034,CUST-0009,WS-0009,2026-07-07,33,198,2,2026-07-07T02:00:00Z
USE-0009-0035,CUST-0009,WS-0009,2026-07-08,27,108,0,2026-07-08T02:00:00Z
USE-0009-0036,CUST-0009,WS-0009,2026-07-09,25,125,1,2026-07-09T02:00:00Z
USE-0009-0037,CUST-0009,WS-0009,2026-07-10,33,198,2,2026-07-10T02:00:00Z
USE-0009-0038,CUST-0009,WS-0009,2026-07-11,31,124,0,2026-07-11T02:00:00Z
USE-0009-0039,CUST-0009,WS-0009,2026-07-12,32,160,0,2026-07-12T02:00:00Z
USE-0009-0040,CUST-0009,WS-0009,2026-07-13,29,116,2,2026-07-13T02:00:00Z
USE-0009-0041,CUST-0009,WS-0009,2026-07-14,26,78,2,2026-07-14T02:00:00Z
USE-0009-0042,CUST-0009,WS-0009,2026-07-15,31,93,0,2026-07-15T02:00:00Z
USE-0009-0043,CUST-0009,WS-0009,2026-07-16,28,84,0,2026-07-16T02:00:00Z
USE-0009-0044,CUST-0009,WS-0009,2026-07-17,34,102,1,2026-07-17T02:00:00Z
USE-0009-0045,CUST-0009,WS-0009,2026-07-18,34,102,0,2026-07-18T02:00:00Z
USE-0009-0046,CUST-0009,WS-0009,2026-07-19,25,150,1,2026-07-19T02:00:00Z
USE-0009-0047,CUST-0009,WS-0009,2026-07-20,28,112,0,2026-07-20T02:00:00Z
USE-0009-0048,CUST-0009,WS-0009,2026-07-21,27,135,0,2026-07-21T02:00:00Z
USE-0009-0049,CUST-0009,WS-0009,2026-07-22,34,170,2,2026-07-22T02:00:00Z
USE-0009-0050,CUST-0009,WS-0009,2026-07-23,34,170,0,2026-07-23T02:00:00Z
USE-0009-0051,CUST-0009,WS-0009,2026-07-24,29,116,2,2026-07-24T02:00:00Z
USE-0009-0052,CUST-0009,WS-0009,2026-07-25,33,132,1,2026-07-25T02:00:00Z
USE-0009-0053,CUST-0009,WS-0009,2026-07-26,29,145,0,2026-07-26T02:00:00Z
USE-0009-0054,CUST-0009,WS-0009,2026-07-27,33,132,2,2026-07-27T02:00:00Z
USE-0009-0055,CUST-0009,WS-0009,2026-07-28,31,186,0,2026-07-28T02:00:00Z
USE-0009-0056,CUST-0009,WS-0009,2026-07-29,30,180,2,2026-07-29T02:00:00Z
USE-0009-0057,CUST-0009,WS-0009,2026-07-30,30,180,1,2026-07-30T02:00:00Z
USE-0009-0058,CUST-0009,WS-0009,2026-07-31,27,135,1,2026-07-31T02:00:00Z
USE-0009-0059,CUST-0009,WS-0009,2026-08-01,27,162,0,2026-08-01T02:00:00Z
USE-0009-0060,CUST-0009,WS-0009,2026-08-02,28,140,2,2026-08-02T02:00:00Z
USE-0009-0061,CUST-0009,WS-0009,2026-08-03,2,92,0,2026-08-03T02:00:00Z
USE-0009-0062,CUST-0009,WS-0009,2026-08-04,8,128,1,2026-08-04T02:00:00Z
USE-0009-0063,CUST-0009,WS-0009,2026-08-05,8,62,1,2026-08-05T02:00:00Z
USE-0009-0064,CUST-0009,WS-0009,2026-08-06,3,70,0,2026-08-06T02:00:00Z
USE-0009-0065,CUST-0009,WS-0009,2026-08-07,5,20,1,2026-08-07T02:00:00Z
USE-0009-0066,CUST-0009,WS-0009,2026-08-08,5,20,2,2026-08-08T02:00:00Z
USE-0009-0067,CUST-0009,WS-0009,2026-08-09,3,14,1,2026-08-09T02:00:00Z
USE-0009-0068,CUST-0009,WS-0009,2026-08-10,6,23,0,2026-08-10T02:00:00Z
USE-0009-0069,CUST-0009,WS-0009,2026-08-11,3,42,1,2026-08-11T02:00:00Z
USE-0009-0070,CUST-0009,WS-0009,2026-08-12,3,70,1,2026-08-12T02:00:00Z
USE-0009-0071,CUST-0009,WS-0009,2026-08-13,0,30,0,2026-08-13T02:00:00Z
USE-0009-0072,CUST-0009,WS-0009,2026-08-14,1,86,0,2026-08-14T02:00:00Z
USE-0009-0073,CUST-0009,WS-0009,2026-08-15,9,66,1,2026-08-15T02:00:00Z
USE-0009-0074,CUST-0009,WS-0009,2026-08-16,3,70,1,2026-08-16T02:00:00Z
USE-0009-0075,CUST-0009,WS-0009,2026-08-17,6,116,2,2026-08-17T02:00:00Z
USE-0009-0076,CUST-0009,WS-0009,2026-08-18,5,80,1,2026-08-18T02:00:00Z
USE-0009-0077,CUST-0009,WS-0009,2026-08-19,5,110,1,2026-08-19T02:00:00Z
USE-0009-0078,CUST-0009,WS-0009,2026-08-20,1,86,1,2026-08-20T02:00:00Z
USE-0009-0079,CUST-0009,WS-0009,2026-08-21,3,70,1,2026-08-21T02:00:00Z
USE-0009-0080,CUST-0009,WS-0009,2026-08-22,6,23,2,2026-08-22T02:00:00Z
USE-0009-0081,CUST-0009,WS-0009,2026-08-23,3,42,0,2026-08-23T02:00:00Z
USE-0009-0082,CUST-0009,WS-0009,2026-08-24,4,104,1,2026-08-24T02:00:00Z
USE-0009-0083,CUST-0009,WS-0009,2026-08-25,2,38,1,2026-08-25T02:00:00Z
USE-0009-0084,CUST-0009,WS-0009,2026-08-26,3,98,2,2026-08-26T02:00:00Z
USE-0009-0085,CUST-0009,WS-0009,2026-08-27,3,98,2,2026-08-27T02:00:00Z
USE-0009-0086,CUST-0009,WS-0009,2026-08-28,5,80,1,2026-08-28T02:00:00Z
USE-0009-0087,CUST-0009,WS-0009,2026-08-29,7,122,0,2026-08-29T02:00:00Z
USE-0009-0088,CUST-0009,WS-0009,2026-08-30,5,50,0,2026-08-30T02:00:00Z
USE-0009-0089,CUST-0009,WS-0009,2026-08-31,8,128,0,2026-08-31T02:00:00Z
USE-0009-0090,CUST-0009,WS-0009,2026-09-01,8,29,2,2026-09-01T02:00:00Z
USE-0010-0001,CUST-0010,WS-0010,2026-06-04,27,81,0,2026-06-04T02:00:00Z
USE-0010-0002,CUST-0010,WS-0010,2026-06-05,32,128,2,2026-06-05T02:00:00Z
USE-0010-0003,CUST-0010,WS-0010,2026-06-06,29,87,2,2026-06-06T02:00:00Z
USE-0010-0004,CUST-0010,WS-0010,2026-06-07,28,84,0,2026-06-07T02:00:00Z
USE-0010-0005,CUST-0010,WS-0010,2026-06-08,34,204,1,2026-06-08T02:00:00Z
USE-0010-0006,CUST-0010,WS-0010,2026-06-09,26,156,2,2026-06-09T02:00:00Z
USE-0010-0007,CUST-0010,WS-0010,2026-06-10,33,99,0,2026-06-10T02:00:00Z
USE-0010-0008,CUST-0010,WS-0010,2026-06-11,34,204,0,2026-06-11T02:00:00Z
USE-0010-0009,CUST-0010,WS-0010,2026-06-12,26,130,2,2026-06-12T02:00:00Z
USE-0010-0010,CUST-0010,WS-0010,2026-06-13,30,90,2,2026-06-13T02:00:00Z
USE-0010-0011,CUST-0010,WS-0010,2026-06-14,32,128,0,2026-06-14T02:00:00Z
USE-0010-0012,CUST-0010,WS-0010,2026-06-15,27,108,0,2026-06-15T02:00:00Z
USE-0010-0013,CUST-0010,WS-0010,2026-06-16,29,145,1,2026-06-16T02:00:00Z
USE-0010-0014,CUST-0010,WS-0010,2026-06-17,30,180,0,2026-06-17T02:00:00Z
USE-0010-0015,CUST-0010,WS-0010,2026-06-18,31,186,1,2026-06-18T02:00:00Z
USE-0010-0016,CUST-0010,WS-0010,2026-06-19,35,140,2,2026-06-19T02:00:00Z
USE-0010-0017,CUST-0010,WS-0010,2026-06-20,29,145,2,2026-06-20T02:00:00Z
USE-0010-0018,CUST-0010,WS-0010,2026-06-21,27,81,0,2026-06-21T02:00:00Z
USE-0010-0019,CUST-0010,WS-0010,2026-06-22,32,192,1,2026-06-22T02:00:00Z
USE-0010-0020,CUST-0010,WS-0010,2026-06-23,34,204,0,2026-06-23T02:00:00Z
USE-0010-0021,CUST-0010,WS-0010,2026-06-24,26,104,0,2026-06-24T02:00:00Z
USE-0010-0022,CUST-0010,WS-0010,2026-06-25,33,198,2,2026-06-25T02:00:00Z
USE-0010-0023,CUST-0010,WS-0010,2026-06-26,31,93,2,2026-06-26T02:00:00Z
USE-0010-0024,CUST-0010,WS-0010,2026-06-27,26,104,0,2026-06-27T02:00:00Z
USE-0010-0025,CUST-0010,WS-0010,2026-06-28,35,210,1,2026-06-28T02:00:00Z
USE-0010-0026,CUST-0010,WS-0010,2026-06-29,26,78,2,2026-06-29T02:00:00Z
USE-0010-0027,CUST-0010,WS-0010,2026-06-30,30,90,0,2026-06-30T02:00:00Z
USE-0010-0028,CUST-0010,WS-0010,2026-07-01,31,93,0,2026-07-01T02:00:00Z
USE-0010-0029,CUST-0010,WS-0010,2026-07-02,35,140,2,2026-07-02T02:00:00Z
USE-0010-0030,CUST-0010,WS-0010,2026-07-03,32,96,1,2026-07-03T02:00:00Z
USE-0010-0031,CUST-0010,WS-0010,2026-07-04,28,112,2,2026-07-04T02:00:00Z
USE-0010-0032,CUST-0010,WS-0010,2026-07-05,32,160,1,2026-07-05T02:00:00Z
USE-0010-0033,CUST-0010,WS-0010,2026-07-06,28,84,2,2026-07-06T02:00:00Z
USE-0010-0034,CUST-0010,WS-0010,2026-07-07,31,93,0,2026-07-07T02:00:00Z
USE-0010-0035,CUST-0010,WS-0010,2026-07-08,32,128,0,2026-07-08T02:00:00Z
USE-0010-0036,CUST-0010,WS-0010,2026-07-09,31,186,1,2026-07-09T02:00:00Z
USE-0010-0037,CUST-0010,WS-0010,2026-07-10,26,130,1,2026-07-10T02:00:00Z
USE-0010-0038,CUST-0010,WS-0010,2026-07-11,33,132,1,2026-07-11T02:00:00Z
USE-0010-0039,CUST-0010,WS-0010,2026-07-12,34,204,1,2026-07-12T02:00:00Z
USE-0010-0040,CUST-0010,WS-0010,2026-07-13,28,168,0,2026-07-13T02:00:00Z
USE-0010-0041,CUST-0010,WS-0010,2026-07-14,35,175,0,2026-07-14T02:00:00Z
USE-0010-0042,CUST-0010,WS-0010,2026-07-15,27,81,1,2026-07-15T02:00:00Z
USE-0010-0043,CUST-0010,WS-0010,2026-07-16,28,168,2,2026-07-16T02:00:00Z
USE-0010-0044,CUST-0010,WS-0010,2026-07-17,28,168,1,2026-07-17T02:00:00Z
USE-0010-0045,CUST-0010,WS-0010,2026-07-18,31,93,0,2026-07-18T02:00:00Z
USE-0010-0046,CUST-0010,WS-0010,2026-07-19,26,130,1,2026-07-19T02:00:00Z
USE-0010-0047,CUST-0010,WS-0010,2026-07-20,31,155,0,2026-07-20T02:00:00Z
USE-0010-0048,CUST-0010,WS-0010,2026-07-21,28,84,0,2026-07-21T02:00:00Z
USE-0010-0049,CUST-0010,WS-0010,2026-07-22,32,192,2,2026-07-22T02:00:00Z
USE-0010-0050,CUST-0010,WS-0010,2026-07-23,34,204,0,2026-07-23T02:00:00Z
USE-0010-0051,CUST-0010,WS-0010,2026-07-24,26,78,1,2026-07-24T02:00:00Z
USE-0010-0052,CUST-0010,WS-0010,2026-07-25,34,102,2,2026-07-25T02:00:00Z
USE-0010-0053,CUST-0010,WS-0010,2026-07-26,35,175,1,2026-07-26T02:00:00Z
USE-0010-0054,CUST-0010,WS-0010,2026-07-27,26,130,1,2026-07-27T02:00:00Z
USE-0010-0055,CUST-0010,WS-0010,2026-07-28,32,96,2,2026-07-28T02:00:00Z
USE-0010-0056,CUST-0010,WS-0010,2026-07-29,34,136,2,2026-07-29T02:00:00Z
USE-0010-0057,CUST-0010,WS-0010,2026-07-30,34,136,2,2026-07-30T02:00:00Z
USE-0010-0058,CUST-0010,WS-0010,2026-07-31,32,128,0,2026-07-31T02:00:00Z
USE-0010-0059,CUST-0010,WS-0010,2026-08-01,30,150,1,2026-08-01T02:00:00Z
USE-0010-0060,CUST-0010,WS-0010,2026-08-02,33,132,0,2026-08-02T02:00:00Z
USE-0010-0061,CUST-0010,WS-0010,2026-08-03,28,168,1,2026-08-03T02:00:00Z
USE-0010-0062,CUST-0010,WS-0010,2026-08-04,32,160,1,2026-08-04T02:00:00Z
USE-0010-0063,CUST-0010,WS-0010,2026-08-05,27,135,1,2026-08-05T02:00:00Z
USE-0010-0064,CUST-0010,WS-0010,2026-08-06,29,174,2,2026-08-06T02:00:00Z
USE-0010-0065,CUST-0010,WS-0010,2026-08-07,35,140,1,2026-08-07T02:00:00Z
USE-0010-0066,CUST-0010,WS-0010,2026-08-08,27,108,1,2026-08-08T02:00:00Z
USE-0010-0067,CUST-0010,WS-0010,2026-08-09,26,156,1,2026-08-09T02:00:00Z
USE-0010-0068,CUST-0010,WS-0010,2026-08-10,35,210,1,2026-08-10T02:00:00Z
USE-0010-0069,CUST-0010,WS-0010,2026-08-11,33,165,1,2026-08-11T02:00:00Z
USE-0010-0070,CUST-0010,WS-0010,2026-08-12,35,140,1,2026-08-12T02:00:00Z
USE-0010-0071,CUST-0010,WS-0010,2026-08-13,31,124,1,2026-08-13T02:00:00Z
USE-0010-0072,CUST-0010,WS-0010,2026-08-14,31,124,1,2026-08-14T02:00:00Z
USE-0010-0073,CUST-0010,WS-0010,2026-08-15,31,155,2,2026-08-15T02:00:00Z
USE-0010-0074,CUST-0010,WS-0010,2026-08-16,33,132,1,2026-08-16T02:00:00Z
USE-0010-0075,CUST-0010,WS-0010,2026-08-17,32,160,1,2026-08-17T02:00:00Z
USE-0010-0076,CUST-0010,WS-0010,2026-08-18,31,93,2,2026-08-18T02:00:00Z
USE-0010-0077,CUST-0010,WS-0010,2026-08-19,29,116,2,2026-08-19T02:00:00Z
USE-0010-0078,CUST-0010,WS-0010,2026-08-20,34,102,2,2026-08-20T02:00:00Z
USE-0010-0079,CUST-0010,WS-0010,2026-08-21,33,132,1,2026-08-21T02:00:00Z
USE-0010-0080,CUST-0010,WS-0010,2026-08-22,30,90,1,2026-08-22T02:00:00Z
USE-0010-0081,CUST-0010,WS-0010,2026-08-23,33,132,2,2026-08-23T02:00:00Z
USE-0010-0082,CUST-0010,WS-0010,2026-08-24,30,120,1,2026-08-24T02:00:00Z
USE-0010-0083,CUST-0010,WS-0010,2026-08-25,28,168,1,2026-08-25T02:00:00Z
USE-0010-0084,CUST-0010,WS-0010,2026-08-26,27,162,2,2026-08-26T02:00:00Z
USE-0010-0085,CUST-0010,WS-0010,2026-08-27,33,198,2,2026-08-27T02:00:00Z
USE-0010-0086,CUST-0010,WS-0010,2026-08-28,34,204,2,2026-08-28T02:00:00Z
USE-0010-0087,CUST-0010,WS-0010,2026-08-29,26,130,2,2026-08-29T02:00:00Z
USE-0010-0088,CUST-0010,WS-0010,2026-08-30,34,102,0,2026-08-30T02:00:00Z
USE-0010-0089,CUST-0010,WS-0010,2026-08-31,29,145,0,2026-08-31T02:00:00Z
USE-0010-0090,CUST-0010,WS-0010,2026-09-01,35,105,2,2026-09-01T02:00:00Z
USE-0011-0001,CUST-0011,WS-0011,2026-06-04,33,165,1,2026-06-04T02:00:00Z
USE-0011-0002,CUST-0011,WS-0011,2026-06-05,28,84,0,2026-06-05T02:00:00Z
USE-0011-0003,CUST-0011,WS-0011,2026-06-06,31,124,2,2026-06-06T02:00:00Z
USE-0011-0004,CUST-0011,WS-0011,2026-06-07,35,140,1,2026-06-07T02:00:00Z
USE-0011-0005,CUST-0011,WS-0011,2026-06-08,32,192,1,2026-06-08T02:00:00Z
USE-0011-0006,CUST-0011,WS-0011,2026-06-09,36,144,1,2026-06-09T02:00:00Z
USE-0011-0007,CUST-0011,WS-0011,2026-06-10,27,162,0,2026-06-10T02:00:00Z
USE-0011-0008,CUST-0011,WS-0011,2026-06-11,31,186,0,2026-06-11T02:00:00Z
USE-0011-0009,CUST-0011,WS-0011,2026-06-12,28,112,1,2026-06-12T02:00:00Z
USE-0011-0010,CUST-0011,WS-0011,2026-06-13,31,155,1,2026-06-13T02:00:00Z
USE-0011-0011,CUST-0011,WS-0011,2026-06-14,30,180,1,2026-06-14T02:00:00Z
USE-0011-0012,CUST-0011,WS-0011,2026-06-15,34,102,1,2026-06-15T02:00:00Z
USE-0011-0013,CUST-0011,WS-0011,2026-06-16,34,170,0,2026-06-16T02:00:00Z
USE-0011-0014,CUST-0011,WS-0011,2026-06-17,31,93,2,2026-06-17T02:00:00Z
USE-0011-0015,CUST-0011,WS-0011,2026-06-18,28,84,1,2026-06-18T02:00:00Z
USE-0011-0016,CUST-0011,WS-0011,2026-06-19,28,112,2,2026-06-19T02:00:00Z
USE-0011-0017,CUST-0011,WS-0011,2026-06-20,30,120,2,2026-06-20T02:00:00Z
USE-0011-0018,CUST-0011,WS-0011,2026-06-21,29,145,2,2026-06-21T02:00:00Z
USE-0011-0019,CUST-0011,WS-0011,2026-06-22,33,198,0,2026-06-22T02:00:00Z
USE-0011-0020,CUST-0011,WS-0011,2026-06-23,33,132,0,2026-06-23T02:00:00Z
USE-0011-0021,CUST-0011,WS-0011,2026-06-24,33,198,0,2026-06-24T02:00:00Z
USE-0011-0022,CUST-0011,WS-0011,2026-06-25,36,144,1,2026-06-25T02:00:00Z
USE-0011-0023,CUST-0011,WS-0011,2026-06-26,36,216,1,2026-06-26T02:00:00Z
USE-0011-0024,CUST-0011,WS-0011,2026-06-27,27,108,0,2026-06-27T02:00:00Z
USE-0011-0025,CUST-0011,WS-0011,2026-06-28,31,93,2,2026-06-28T02:00:00Z
USE-0011-0026,CUST-0011,WS-0011,2026-06-29,28,112,1,2026-06-29T02:00:00Z
USE-0011-0027,CUST-0011,WS-0011,2026-06-30,32,128,1,2026-06-30T02:00:00Z
USE-0011-0028,CUST-0011,WS-0011,2026-07-01,28,140,2,2026-07-01T02:00:00Z
USE-0011-0029,CUST-0011,WS-0011,2026-07-02,34,170,2,2026-07-02T02:00:00Z
USE-0011-0030,CUST-0011,WS-0011,2026-07-03,33,198,2,2026-07-03T02:00:00Z
USE-0011-0031,CUST-0011,WS-0011,2026-07-04,28,140,1,2026-07-04T02:00:00Z
USE-0011-0032,CUST-0011,WS-0011,2026-07-05,34,136,2,2026-07-05T02:00:00Z
USE-0011-0033,CUST-0011,WS-0011,2026-07-06,31,93,2,2026-07-06T02:00:00Z
USE-0011-0034,CUST-0011,WS-0011,2026-07-07,29,145,0,2026-07-07T02:00:00Z
USE-0011-0035,CUST-0011,WS-0011,2026-07-08,30,150,0,2026-07-08T02:00:00Z
USE-0011-0036,CUST-0011,WS-0011,2026-07-09,29,145,2,2026-07-09T02:00:00Z
USE-0011-0037,CUST-0011,WS-0011,2026-07-10,29,174,1,2026-07-10T02:00:00Z
USE-0011-0038,CUST-0011,WS-0011,2026-07-11,36,144,2,2026-07-11T02:00:00Z
USE-0011-0039,CUST-0011,WS-0011,2026-07-12,33,198,0,2026-07-12T02:00:00Z
USE-0011-0040,CUST-0011,WS-0011,2026-07-13,34,136,2,2026-07-13T02:00:00Z
USE-0011-0041,CUST-0011,WS-0011,2026-07-14,29,174,1,2026-07-14T02:00:00Z
USE-0011-0042,CUST-0011,WS-0011,2026-07-15,29,116,1,2026-07-15T02:00:00Z
USE-0011-0043,CUST-0011,WS-0011,2026-07-16,34,102,1,2026-07-16T02:00:00Z
USE-0011-0044,CUST-0011,WS-0011,2026-07-17,27,162,0,2026-07-17T02:00:00Z
USE-0011-0045,CUST-0011,WS-0011,2026-07-18,30,180,2,2026-07-18T02:00:00Z
USE-0011-0046,CUST-0011,WS-0011,2026-07-19,35,210,1,2026-07-19T02:00:00Z
USE-0011-0047,CUST-0011,WS-0011,2026-07-20,34,204,2,2026-07-20T02:00:00Z
USE-0011-0048,CUST-0011,WS-0011,2026-07-21,34,204,0,2026-07-21T02:00:00Z
USE-0011-0049,CUST-0011,WS-0011,2026-07-22,28,84,0,2026-07-22T02:00:00Z
USE-0011-0050,CUST-0011,WS-0011,2026-07-23,31,93,1,2026-07-23T02:00:00Z
USE-0011-0051,CUST-0011,WS-0011,2026-07-24,30,150,0,2026-07-24T02:00:00Z
USE-0011-0052,CUST-0011,WS-0011,2026-07-25,34,204,2,2026-07-25T02:00:00Z
USE-0011-0053,CUST-0011,WS-0011,2026-07-26,35,105,2,2026-07-26T02:00:00Z
USE-0011-0054,CUST-0011,WS-0011,2026-07-27,28,140,2,2026-07-27T02:00:00Z
USE-0011-0055,CUST-0011,WS-0011,2026-07-28,32,96,2,2026-07-28T02:00:00Z
USE-0011-0056,CUST-0011,WS-0011,2026-07-29,34,136,1,2026-07-29T02:00:00Z
USE-0011-0057,CUST-0011,WS-0011,2026-07-30,28,112,1,2026-07-30T02:00:00Z
USE-0011-0058,CUST-0011,WS-0011,2026-07-31,27,162,1,2026-07-31T02:00:00Z
USE-0011-0059,CUST-0011,WS-0011,2026-08-01,32,96,1,2026-08-01T02:00:00Z
USE-0011-0060,CUST-0011,WS-0011,2026-08-02,28,112,0,2026-08-02T02:00:00Z
USE-0011-0061,CUST-0011,WS-0011,2026-08-03,36,180,2,2026-08-03T02:00:00Z
USE-0011-0062,CUST-0011,WS-0011,2026-08-04,36,216,0,2026-08-04T02:00:00Z
USE-0011-0063,CUST-0011,WS-0011,2026-08-05,36,144,0,2026-08-05T02:00:00Z
USE-0011-0064,CUST-0011,WS-0011,2026-08-06,30,90,2,2026-08-06T02:00:00Z
USE-0011-0065,CUST-0011,WS-0011,2026-08-07,32,160,2,2026-08-07T02:00:00Z
USE-0011-0066,CUST-0011,WS-0011,2026-08-08,35,140,1,2026-08-08T02:00:00Z
USE-0011-0067,CUST-0011,WS-0011,2026-08-09,31,155,2,2026-08-09T02:00:00Z
USE-0011-0068,CUST-0011,WS-0011,2026-08-10,31,93,0,2026-08-10T02:00:00Z
USE-0011-0069,CUST-0011,WS-0011,2026-08-11,33,99,1,2026-08-11T02:00:00Z
USE-0011-0070,CUST-0011,WS-0011,2026-08-12,29,116,0,2026-08-12T02:00:00Z
USE-0011-0071,CUST-0011,WS-0011,2026-08-13,29,145,0,2026-08-13T02:00:00Z
USE-0011-0072,CUST-0011,WS-0011,2026-08-14,33,198,0,2026-08-14T02:00:00Z
USE-0011-0073,CUST-0011,WS-0011,2026-08-15,36,180,2,2026-08-15T02:00:00Z
USE-0011-0074,CUST-0011,WS-0011,2026-08-16,33,198,1,2026-08-16T02:00:00Z
USE-0011-0075,CUST-0011,WS-0011,2026-08-17,28,84,1,2026-08-17T02:00:00Z
USE-0011-0076,CUST-0011,WS-0011,2026-08-18,35,175,2,2026-08-18T02:00:00Z
USE-0011-0077,CUST-0011,WS-0011,2026-08-19,32,192,1,2026-08-19T02:00:00Z
USE-0011-0078,CUST-0011,WS-0011,2026-08-20,32,96,2,2026-08-20T02:00:00Z
USE-0011-0079,CUST-0011,WS-0011,2026-08-21,28,168,2,2026-08-21T02:00:00Z
USE-0011-0080,CUST-0011,WS-0011,2026-08-22,32,96,2,2026-08-22T02:00:00Z
USE-0011-0081,CUST-0011,WS-0011,2026-08-23,33,132,1,2026-08-23T02:00:00Z
USE-0011-0082,CUST-0011,WS-0011,2026-08-24,30,180,1,2026-08-24T02:00:00Z
USE-0011-0083,CUST-0011,WS-0011,2026-08-25,32,160,1,2026-08-25T02:00:00Z
USE-0011-0084,CUST-0011,WS-0011,2026-08-26,35,140,2,2026-08-26T02:00:00Z
USE-0011-0085,CUST-0011,WS-0011,2026-08-27,34,170,2,2026-08-27T02:00:00Z
USE-0011-0086,CUST-0011,WS-0011,2026-08-28,27,81,0,2026-08-28T02:00:00Z
USE-0011-0087,CUST-0011,WS-0011,2026-08-29,34,102,0,2026-08-29T02:00:00Z
USE-0011-0088,CUST-0011,WS-0011,2026-08-30,29,174,1,2026-08-30T02:00:00Z
USE-0011-0089,CUST-0011,WS-0011,2026-08-31,27,162,0,2026-08-31T02:00:00Z
USE-0011-0090,CUST-0011,WS-0011,2026-09-01,29,145,0,2026-09-01T02:00:00Z
USE-0012-0001,CUST-0012,WS-0012,2026-06-04,29,145,1,2026-06-04T02:00:00Z
USE-0012-0002,CUST-0012,WS-0012,2026-06-05,29,145,2,2026-06-05T02:00:00Z
USE-0012-0003,CUST-0012,WS-0012,2026-06-06,30,90,1,2026-06-06T02:00:00Z
USE-0012-0004,CUST-0012,WS-0012,2026-06-07,32,128,1,2026-06-07T02:00:00Z
USE-0012-0005,CUST-0012,WS-0012,2026-06-08,29,87,0,2026-06-08T02:00:00Z
USE-0012-0006,CUST-0012,WS-0012,2026-06-09,31,186,0,2026-06-09T02:00:00Z
USE-0012-0007,CUST-0012,WS-0012,2026-06-10,30,120,2,2026-06-10T02:00:00Z
USE-0012-0008,CUST-0012,WS-0012,2026-06-11,35,105,0,2026-06-11T02:00:00Z
USE-0012-0009,CUST-0012,WS-0012,2026-06-12,33,99,1,2026-06-12T02:00:00Z
USE-0012-0010,CUST-0012,WS-0012,2026-06-13,30,180,0,2026-06-13T02:00:00Z
USE-0012-0011,CUST-0012,WS-0012,2026-06-14,31,186,0,2026-06-14T02:00:00Z
USE-0012-0012,CUST-0012,WS-0012,2026-06-15,29,87,1,2026-06-15T02:00:00Z
USE-0012-0013,CUST-0012,WS-0012,2026-06-16,33,165,0,2026-06-16T02:00:00Z
USE-0012-0014,CUST-0012,WS-0012,2026-06-17,34,136,2,2026-06-17T02:00:00Z
USE-0012-0015,CUST-0012,WS-0012,2026-06-18,30,90,2,2026-06-18T02:00:00Z
USE-0012-0016,CUST-0012,WS-0012,2026-06-19,37,111,2,2026-06-19T02:00:00Z
USE-0012-0017,CUST-0012,WS-0012,2026-06-20,30,180,1,2026-06-20T02:00:00Z
USE-0012-0018,CUST-0012,WS-0012,2026-06-21,31,124,1,2026-06-21T02:00:00Z
USE-0012-0019,CUST-0012,WS-0012,2026-06-22,37,222,0,2026-06-22T02:00:00Z
USE-0012-0020,CUST-0012,WS-0012,2026-06-23,29,87,0,2026-06-23T02:00:00Z
USE-0012-0021,CUST-0012,WS-0012,2026-06-24,29,174,1,2026-06-24T02:00:00Z
USE-0012-0022,CUST-0012,WS-0012,2026-06-25,34,170,0,2026-06-25T02:00:00Z
USE-0012-0023,CUST-0012,WS-0012,2026-06-26,31,155,2,2026-06-26T02:00:00Z
USE-0012-0024,CUST-0012,WS-0012,2026-06-27,29,116,2,2026-06-27T02:00:00Z
USE-0012-0025,CUST-0012,WS-0012,2026-06-28,37,185,2,2026-06-28T02:00:00Z
USE-0012-0026,CUST-0012,WS-0012,2026-06-29,28,140,0,2026-06-29T02:00:00Z
USE-0012-0027,CUST-0012,WS-0012,2026-06-30,36,144,2,2026-06-30T02:00:00Z
USE-0012-0028,CUST-0012,WS-0012,2026-07-01,34,170,2,2026-07-01T02:00:00Z
USE-0012-0029,CUST-0012,WS-0012,2026-07-02,28,112,1,2026-07-02T02:00:00Z
USE-0012-0030,CUST-0012,WS-0012,2026-07-03,34,102,0,2026-07-03T02:00:00Z
USE-0012-0031,CUST-0012,WS-0012,2026-07-04,35,105,2,2026-07-04T02:00:00Z
USE-0012-0032,CUST-0012,WS-0012,2026-07-05,28,140,1,2026-07-05T02:00:00Z
USE-0012-0033,CUST-0012,WS-0012,2026-07-06,30,180,2,2026-07-06T02:00:00Z
USE-0012-0034,CUST-0012,WS-0012,2026-07-07,34,170,2,2026-07-07T02:00:00Z
USE-0012-0035,CUST-0012,WS-0012,2026-07-08,30,180,0,2026-07-08T02:00:00Z
USE-0012-0036,CUST-0012,WS-0012,2026-07-09,28,84,0,2026-07-09T02:00:00Z
USE-0012-0037,CUST-0012,WS-0012,2026-07-10,32,128,0,2026-07-10T02:00:00Z
USE-0012-0038,CUST-0012,WS-0012,2026-07-11,28,168,2,2026-07-11T02:00:00Z
USE-0012-0039,CUST-0012,WS-0012,2026-07-12,32,192,1,2026-07-12T02:00:00Z
USE-0012-0040,CUST-0012,WS-0012,2026-07-13,34,102,2,2026-07-13T02:00:00Z
USE-0012-0041,CUST-0012,WS-0012,2026-07-14,36,144,1,2026-07-14T02:00:00Z
USE-0012-0042,CUST-0012,WS-0012,2026-07-15,29,145,0,2026-07-15T02:00:00Z
USE-0012-0043,CUST-0012,WS-0012,2026-07-16,36,144,0,2026-07-16T02:00:00Z
USE-0012-0044,CUST-0012,WS-0012,2026-07-17,36,180,1,2026-07-17T02:00:00Z
USE-0012-0045,CUST-0012,WS-0012,2026-07-18,37,111,1,2026-07-18T02:00:00Z
USE-0012-0046,CUST-0012,WS-0012,2026-07-19,34,136,0,2026-07-19T02:00:00Z
USE-0012-0047,CUST-0012,WS-0012,2026-07-20,31,93,1,2026-07-20T02:00:00Z
USE-0012-0048,CUST-0012,WS-0012,2026-07-21,29,174,2,2026-07-21T02:00:00Z
USE-0012-0049,CUST-0012,WS-0012,2026-07-22,37,111,1,2026-07-22T02:00:00Z
USE-0012-0050,CUST-0012,WS-0012,2026-07-23,30,90,0,2026-07-23T02:00:00Z
USE-0012-0051,CUST-0012,WS-0012,2026-07-24,30,90,0,2026-07-24T02:00:00Z
USE-0012-0052,CUST-0012,WS-0012,2026-07-25,35,175,2,2026-07-25T02:00:00Z
USE-0012-0053,CUST-0012,WS-0012,2026-07-26,36,180,0,2026-07-26T02:00:00Z
USE-0012-0054,CUST-0012,WS-0012,2026-07-27,33,132,2,2026-07-27T02:00:00Z
USE-0012-0055,CUST-0012,WS-0012,2026-07-28,32,96,0,2026-07-28T02:00:00Z
USE-0012-0056,CUST-0012,WS-0012,2026-07-29,33,198,1,2026-07-29T02:00:00Z
USE-0012-0057,CUST-0012,WS-0012,2026-07-30,36,108,1,2026-07-30T02:00:00Z
USE-0012-0058,CUST-0012,WS-0012,2026-07-31,37,111,1,2026-07-31T02:00:00Z
USE-0012-0059,CUST-0012,WS-0012,2026-08-01,35,175,0,2026-08-01T02:00:00Z
USE-0012-0060,CUST-0012,WS-0012,2026-08-02,35,140,1,2026-08-02T02:00:00Z
USE-0012-0061,CUST-0012,WS-0012,2026-08-03,30,150,0,2026-08-03T02:00:00Z
USE-0012-0062,CUST-0012,WS-0012,2026-08-04,37,111,0,2026-08-04T02:00:00Z
USE-0012-0063,CUST-0012,WS-0012,2026-08-05,36,108,0,2026-08-05T02:00:00Z
USE-0012-0064,CUST-0012,WS-0012,2026-08-06,28,112,0,2026-08-06T02:00:00Z
USE-0012-0065,CUST-0012,WS-0012,2026-08-07,35,175,1,2026-08-07T02:00:00Z
USE-0012-0066,CUST-0012,WS-0012,2026-08-08,30,120,0,2026-08-08T02:00:00Z
USE-0012-0067,CUST-0012,WS-0012,2026-08-09,36,216,0,2026-08-09T02:00:00Z
USE-0012-0068,CUST-0012,WS-0012,2026-08-10,33,132,1,2026-08-10T02:00:00Z
USE-0012-0069,CUST-0012,WS-0012,2026-08-11,33,165,0,2026-08-11T02:00:00Z
USE-0012-0070,CUST-0012,WS-0012,2026-08-12,37,185,0,2026-08-12T02:00:00Z
USE-0012-0071,CUST-0012,WS-0012,2026-08-13,36,108,0,2026-08-13T02:00:00Z
USE-0012-0072,CUST-0012,WS-0012,2026-08-14,31,93,1,2026-08-14T02:00:00Z
USE-0012-0073,CUST-0012,WS-0012,2026-08-15,29,174,1,2026-08-15T02:00:00Z
USE-0012-0074,CUST-0012,WS-0012,2026-08-16,32,160,0,2026-08-16T02:00:00Z
USE-0012-0075,CUST-0012,WS-0012,2026-08-17,36,216,0,2026-08-17T02:00:00Z
USE-0012-0076,CUST-0012,WS-0012,2026-08-18,33,132,1,2026-08-18T02:00:00Z
USE-0012-0077,CUST-0012,WS-0012,2026-08-19,37,185,2,2026-08-19T02:00:00Z
USE-0012-0078,CUST-0012,WS-0012,2026-08-20,37,148,1,2026-08-20T02:00:00Z
USE-0012-0079,CUST-0012,WS-0012,2026-08-21,33,198,0,2026-08-21T02:00:00Z
USE-0012-0080,CUST-0012,WS-0012,2026-08-22,36,144,0,2026-08-22T02:00:00Z
USE-0012-0081,CUST-0012,WS-0012,2026-08-23,28,168,0,2026-08-23T02:00:00Z
USE-0012-0082,CUST-0012,WS-0012,2026-08-24,31,155,2,2026-08-24T02:00:00Z
USE-0012-0083,CUST-0012,WS-0012,2026-08-25,28,140,0,2026-08-25T02:00:00Z
USE-0012-0084,CUST-0012,WS-0012,2026-08-26,34,170,0,2026-08-26T02:00:00Z
USE-0012-0085,CUST-0012,WS-0012,2026-08-27,31,124,1,2026-08-27T02:00:00Z
USE-0012-0086,CUST-0012,WS-0012,2026-08-28,35,105,0,2026-08-28T02:00:00Z
USE-0012-0087,CUST-0012,WS-0012,2026-08-29,32,96,0,2026-08-29T02:00:00Z
USE-0012-0088,CUST-0012,WS-0012,2026-08-30,31,186,2,2026-08-30T02:00:00Z
USE-0012-0089,CUST-0012,WS-0012,2026-08-31,33,198,2,2026-08-31T02:00:00Z
USE-0012-0090,CUST-0012,WS-0012,2026-09-01,29,87,2,2026-09-01T02:00:00Z
USE-0013-0001,CUST-0013,WS-0013,2026-06-04,35,105,2,2026-06-04T02:00:00Z
USE-0013-0002,CUST-0013,WS-0013,2026-06-05,38,114,1,2026-06-05T02:00:00Z
USE-0013-0003,CUST-0013,WS-0013,2026-06-06,31,124,1,2026-06-06T02:00:00Z
USE-0013-0004,CUST-0013,WS-0013,2026-06-07,33,165,1,2026-06-07T02:00:00Z
USE-0013-0005,CUST-0013,WS-0013,2026-06-08,34,170,1,2026-06-08T02:00:00Z
USE-0013-0006,CUST-0013,WS-0013,2026-06-09,33,132,0,2026-06-09T02:00:00Z
USE-0013-0007,CUST-0013,WS-0013,2026-06-10,32,128,2,2026-06-10T02:00:00Z
USE-0013-0008,CUST-0013,WS-0013,2026-06-11,30,120,0,2026-06-11T02:00:00Z
USE-0013-0009,CUST-0013,WS-0013,2026-06-12,31,186,1,2026-06-12T02:00:00Z
USE-0013-0010,CUST-0013,WS-0013,2026-06-13,34,204,0,2026-06-13T02:00:00Z
USE-0013-0011,CUST-0013,WS-0013,2026-06-14,37,185,0,2026-06-14T02:00:00Z
USE-0013-0012,CUST-0013,WS-0013,2026-06-15,36,180,1,2026-06-15T02:00:00Z
USE-0013-0013,CUST-0013,WS-0013,2026-06-16,33,99,0,2026-06-16T02:00:00Z
USE-0013-0014,CUST-0013,WS-0013,2026-06-17,31,155,2,2026-06-17T02:00:00Z
USE-0013-0015,CUST-0013,WS-0013,2026-06-18,38,114,0,2026-06-18T02:00:00Z
USE-0013-0016,CUST-0013,WS-0013,2026-06-19,34,136,0,2026-06-19T02:00:00Z
USE-0013-0017,CUST-0013,WS-0013,2026-06-20,32,160,1,2026-06-20T02:00:00Z
USE-0013-0018,CUST-0013,WS-0013,2026-06-21,37,111,2,2026-06-21T02:00:00Z
USE-0013-0019,CUST-0013,WS-0013,2026-06-22,33,165,0,2026-06-22T02:00:00Z
USE-0013-0020,CUST-0013,WS-0013,2026-06-23,29,174,1,2026-06-23T02:00:00Z
USE-0013-0021,CUST-0013,WS-0013,2026-06-24,37,148,0,2026-06-24T02:00:00Z
USE-0013-0022,CUST-0013,WS-0013,2026-06-25,36,108,0,2026-06-25T02:00:00Z
USE-0013-0023,CUST-0013,WS-0013,2026-06-26,30,90,0,2026-06-26T02:00:00Z
USE-0013-0024,CUST-0013,WS-0013,2026-06-27,32,128,0,2026-06-27T02:00:00Z
USE-0013-0025,CUST-0013,WS-0013,2026-06-28,35,175,2,2026-06-28T02:00:00Z
USE-0013-0026,CUST-0013,WS-0013,2026-06-29,30,150,0,2026-06-29T02:00:00Z
USE-0013-0027,CUST-0013,WS-0013,2026-06-30,29,87,0,2026-06-30T02:00:00Z
USE-0013-0028,CUST-0013,WS-0013,2026-07-01,36,144,0,2026-07-01T02:00:00Z
USE-0013-0029,CUST-0013,WS-0013,2026-07-02,34,102,0,2026-07-02T02:00:00Z
USE-0013-0030,CUST-0013,WS-0013,2026-07-03,36,108,0,2026-07-03T02:00:00Z
USE-0013-0031,CUST-0013,WS-0013,2026-07-04,38,228,2,2026-07-04T02:00:00Z
USE-0013-0032,CUST-0013,WS-0013,2026-07-05,35,210,0,2026-07-05T02:00:00Z
USE-0013-0033,CUST-0013,WS-0013,2026-07-06,35,210,0,2026-07-06T02:00:00Z
USE-0013-0034,CUST-0013,WS-0013,2026-07-07,34,136,0,2026-07-07T02:00:00Z
USE-0013-0035,CUST-0013,WS-0013,2026-07-08,33,165,1,2026-07-08T02:00:00Z
USE-0013-0036,CUST-0013,WS-0013,2026-07-09,31,93,2,2026-07-09T02:00:00Z
USE-0013-0037,CUST-0013,WS-0013,2026-07-10,38,152,2,2026-07-10T02:00:00Z
USE-0013-0038,CUST-0013,WS-0013,2026-07-11,33,198,1,2026-07-11T02:00:00Z
USE-0013-0039,CUST-0013,WS-0013,2026-07-12,37,222,0,2026-07-12T02:00:00Z
USE-0013-0040,CUST-0013,WS-0013,2026-07-13,30,150,1,2026-07-13T02:00:00Z
USE-0013-0041,CUST-0013,WS-0013,2026-07-14,31,186,0,2026-07-14T02:00:00Z
USE-0013-0042,CUST-0013,WS-0013,2026-07-15,37,148,2,2026-07-15T02:00:00Z
USE-0013-0043,CUST-0013,WS-0013,2026-07-16,37,111,1,2026-07-16T02:00:00Z
USE-0013-0044,CUST-0013,WS-0013,2026-07-17,34,204,2,2026-07-17T02:00:00Z
USE-0013-0045,CUST-0013,WS-0013,2026-07-18,36,180,2,2026-07-18T02:00:00Z
USE-0013-0046,CUST-0013,WS-0013,2026-07-19,37,185,1,2026-07-19T02:00:00Z
USE-0013-0047,CUST-0013,WS-0013,2026-07-20,33,132,0,2026-07-20T02:00:00Z
USE-0013-0048,CUST-0013,WS-0013,2026-07-21,34,136,0,2026-07-21T02:00:00Z
USE-0013-0049,CUST-0013,WS-0013,2026-07-22,33,99,1,2026-07-22T02:00:00Z
USE-0013-0050,CUST-0013,WS-0013,2026-07-23,37,185,2,2026-07-23T02:00:00Z
USE-0013-0051,CUST-0013,WS-0013,2026-07-24,32,128,0,2026-07-24T02:00:00Z
USE-0013-0052,CUST-0013,WS-0013,2026-07-25,32,128,1,2026-07-25T02:00:00Z
USE-0013-0053,CUST-0013,WS-0013,2026-07-26,37,111,0,2026-07-26T02:00:00Z
USE-0013-0054,CUST-0013,WS-0013,2026-07-27,38,228,1,2026-07-27T02:00:00Z
USE-0013-0055,CUST-0013,WS-0013,2026-07-28,31,124,0,2026-07-28T02:00:00Z
USE-0013-0056,CUST-0013,WS-0013,2026-07-29,38,190,2,2026-07-29T02:00:00Z
USE-0013-0057,CUST-0013,WS-0013,2026-07-30,34,102,2,2026-07-30T02:00:00Z
USE-0013-0058,CUST-0013,WS-0013,2026-07-31,34,136,2,2026-07-31T02:00:00Z
USE-0013-0059,CUST-0013,WS-0013,2026-08-01,32,192,2,2026-08-01T02:00:00Z
USE-0013-0060,CUST-0013,WS-0013,2026-08-02,33,132,1,2026-08-02T02:00:00Z
USE-0013-0061,CUST-0013,WS-0013,2026-08-03,29,87,0,2026-08-03T02:00:00Z
USE-0013-0062,CUST-0013,WS-0013,2026-08-04,32,128,0,2026-08-04T02:00:00Z
USE-0013-0063,CUST-0013,WS-0013,2026-08-05,37,222,0,2026-08-05T02:00:00Z
USE-0013-0064,CUST-0013,WS-0013,2026-08-06,34,136,0,2026-08-06T02:00:00Z
USE-0013-0065,CUST-0013,WS-0013,2026-08-07,34,136,1,2026-08-07T02:00:00Z
USE-0013-0066,CUST-0013,WS-0013,2026-08-08,29,87,0,2026-08-08T02:00:00Z
USE-0013-0067,CUST-0013,WS-0013,2026-08-09,38,152,0,2026-08-09T02:00:00Z
USE-0013-0068,CUST-0013,WS-0013,2026-08-10,37,185,0,2026-08-10T02:00:00Z
USE-0013-0069,CUST-0013,WS-0013,2026-08-11,34,204,2,2026-08-11T02:00:00Z
USE-0013-0070,CUST-0013,WS-0013,2026-08-12,30,150,1,2026-08-12T02:00:00Z
USE-0013-0077,CUST-0013,WS-0013,2026-08-19,31,93,2,2026-08-19T02:00:00Z
USE-0013-0078,CUST-0013,WS-0013,2026-08-20,38,228,2,2026-08-20T02:00:00Z
USE-0013-0079,CUST-0013,WS-0013,2026-08-21,29,116,2,2026-08-21T02:00:00Z
USE-0013-0080,CUST-0013,WS-0013,2026-08-22,34,136,2,2026-08-22T02:00:00Z
USE-0013-0081,CUST-0013,WS-0013,2026-08-23,38,114,1,2026-08-23T02:00:00Z
USE-0013-0082,CUST-0013,WS-0013,2026-08-24,31,155,2,2026-08-24T02:00:00Z
USE-0013-0083,CUST-0013,WS-0013,2026-08-25,30,120,1,2026-08-25T02:00:00Z
USE-0013-0084,CUST-0013,WS-0013,2026-08-26,34,136,2,2026-08-26T02:00:00Z
USE-0013-0085,CUST-0013,WS-0013,2026-08-27,30,150,1,2026-08-27T02:00:00Z
USE-0013-0086,CUST-0013,WS-0013,2026-08-28,29,145,0,2026-08-28T02:00:00Z
USE-0013-0087,CUST-0013,WS-0013,2026-08-29,32,96,1,2026-08-29T02:00:00Z
USE-0013-0088,CUST-0013,WS-0013,2026-08-30,33,99,2,2026-08-30T02:00:00Z
USE-0013-0089,CUST-0013,WS-0013,2026-08-31,29,87,1,2026-08-31T02:00:00Z
USE-0013-0090,CUST-0013,WS-0013,2026-09-01,36,216,0,2026-09-01T02:00:00Z
USE-0014-0001,CUST-0014,WS-0014,2026-06-04,57,399,1,2026-06-04T02:00:00Z
USE-0014-0002,CUST-0014,WS-0014,2026-06-05,52,364,1,2026-06-05T02:00:00Z
USE-0014-0003,CUST-0014,WS-0014,2026-06-06,49,343,0,2026-06-06T02:00:00Z
USE-0014-0004,CUST-0014,WS-0014,2026-06-07,53,371,1,2026-06-07T02:00:00Z
USE-0014-0005,CUST-0014,WS-0014,2026-06-08,51,357,1,2026-06-08T02:00:00Z
USE-0014-0006,CUST-0014,WS-0014,2026-06-09,50,350,2,2026-06-09T02:00:00Z
USE-0014-0007,CUST-0014,WS-0014,2026-06-10,56,392,1,2026-06-10T02:00:00Z
USE-0014-0008,CUST-0014,WS-0014,2026-06-11,51,357,2,2026-06-11T02:00:00Z
USE-0014-0009,CUST-0014,WS-0014,2026-06-12,49,343,0,2026-06-12T02:00:00Z
USE-0014-0010,CUST-0014,WS-0014,2026-06-13,52,364,0,2026-06-13T02:00:00Z
USE-0014-0011,CUST-0014,WS-0014,2026-06-14,53,371,2,2026-06-14T02:00:00Z
USE-0014-0012,CUST-0014,WS-0014,2026-06-15,49,343,0,2026-06-15T02:00:00Z
USE-0014-0013,CUST-0014,WS-0014,2026-06-16,49,343,0,2026-06-16T02:00:00Z
USE-0014-0014,CUST-0014,WS-0014,2026-06-17,50,350,1,2026-06-17T02:00:00Z
USE-0014-0015,CUST-0014,WS-0014,2026-06-18,50,350,0,2026-06-18T02:00:00Z
USE-0014-0016,CUST-0014,WS-0014,2026-06-19,53,371,0,2026-06-19T02:00:00Z
USE-0014-0017,CUST-0014,WS-0014,2026-06-20,53,371,0,2026-06-20T02:00:00Z
USE-0014-0018,CUST-0014,WS-0014,2026-06-21,53,371,1,2026-06-21T02:00:00Z
USE-0014-0019,CUST-0014,WS-0014,2026-06-22,54,378,0,2026-06-22T02:00:00Z
USE-0014-0020,CUST-0014,WS-0014,2026-06-23,56,392,0,2026-06-23T02:00:00Z
USE-0014-0021,CUST-0014,WS-0014,2026-06-24,56,392,1,2026-06-24T02:00:00Z
USE-0014-0022,CUST-0014,WS-0014,2026-06-25,49,343,1,2026-06-25T02:00:00Z
USE-0014-0023,CUST-0014,WS-0014,2026-06-26,54,378,0,2026-06-26T02:00:00Z
USE-0014-0024,CUST-0014,WS-0014,2026-06-27,52,364,2,2026-06-27T02:00:00Z
USE-0014-0025,CUST-0014,WS-0014,2026-06-28,57,399,1,2026-06-28T02:00:00Z
USE-0014-0026,CUST-0014,WS-0014,2026-06-29,52,364,2,2026-06-29T02:00:00Z
USE-0014-0027,CUST-0014,WS-0014,2026-06-30,55,385,0,2026-06-30T02:00:00Z
USE-0014-0028,CUST-0014,WS-0014,2026-07-01,56,392,0,2026-07-01T02:00:00Z
USE-0014-0029,CUST-0014,WS-0014,2026-07-02,52,364,0,2026-07-02T02:00:00Z
USE-0014-0030,CUST-0014,WS-0014,2026-07-03,50,350,1,2026-07-03T02:00:00Z
USE-0014-0031,CUST-0014,WS-0014,2026-07-04,51,357,2,2026-07-04T02:00:00Z
USE-0014-0032,CUST-0014,WS-0014,2026-07-05,50,350,1,2026-07-05T02:00:00Z
USE-0014-0033,CUST-0014,WS-0014,2026-07-06,55,385,2,2026-07-06T02:00:00Z
USE-0014-0034,CUST-0014,WS-0014,2026-07-07,57,399,1,2026-07-07T02:00:00Z
USE-0014-0035,CUST-0014,WS-0014,2026-07-08,57,399,2,2026-07-08T02:00:00Z
USE-0014-0036,CUST-0014,WS-0014,2026-07-09,51,357,1,2026-07-09T02:00:00Z
USE-0014-0037,CUST-0014,WS-0014,2026-07-10,50,350,0,2026-07-10T02:00:00Z
USE-0014-0038,CUST-0014,WS-0014,2026-07-11,53,371,1,2026-07-11T02:00:00Z
USE-0014-0039,CUST-0014,WS-0014,2026-07-12,56,392,2,2026-07-12T02:00:00Z
USE-0014-0040,CUST-0014,WS-0014,2026-07-13,55,385,1,2026-07-13T02:00:00Z
USE-0014-0041,CUST-0014,WS-0014,2026-07-14,55,385,0,2026-07-14T02:00:00Z
USE-0014-0042,CUST-0014,WS-0014,2026-07-15,56,392,0,2026-07-15T02:00:00Z
USE-0014-0043,CUST-0014,WS-0014,2026-07-16,54,378,0,2026-07-16T02:00:00Z
USE-0014-0044,CUST-0014,WS-0014,2026-07-17,56,392,1,2026-07-17T02:00:00Z
USE-0014-0045,CUST-0014,WS-0014,2026-07-18,53,371,0,2026-07-18T02:00:00Z
USE-0014-0046,CUST-0014,WS-0014,2026-07-19,55,385,1,2026-07-19T02:00:00Z
USE-0014-0047,CUST-0014,WS-0014,2026-07-20,56,392,0,2026-07-20T02:00:00Z
USE-0014-0048,CUST-0014,WS-0014,2026-07-21,56,392,2,2026-07-21T02:00:00Z
USE-0014-0049,CUST-0014,WS-0014,2026-07-22,57,399,0,2026-07-22T02:00:00Z
USE-0014-0050,CUST-0014,WS-0014,2026-07-23,57,399,1,2026-07-23T02:00:00Z
USE-0014-0051,CUST-0014,WS-0014,2026-07-24,49,343,2,2026-07-24T02:00:00Z
USE-0014-0052,CUST-0014,WS-0014,2026-07-25,49,343,0,2026-07-25T02:00:00Z
USE-0014-0053,CUST-0014,WS-0014,2026-07-26,49,343,1,2026-07-26T02:00:00Z
USE-0014-0054,CUST-0014,WS-0014,2026-07-27,54,378,1,2026-07-27T02:00:00Z
USE-0014-0055,CUST-0014,WS-0014,2026-07-28,50,350,2,2026-07-28T02:00:00Z
USE-0014-0056,CUST-0014,WS-0014,2026-07-29,56,392,1,2026-07-29T02:00:00Z
USE-0014-0057,CUST-0014,WS-0014,2026-07-30,56,392,0,2026-07-30T02:00:00Z
USE-0014-0058,CUST-0014,WS-0014,2026-07-31,51,357,1,2026-07-31T02:00:00Z
USE-0014-0059,CUST-0014,WS-0014,2026-08-01,49,343,1,2026-08-01T02:00:00Z
USE-0014-0060,CUST-0014,WS-0014,2026-08-02,52,364,0,2026-08-02T02:00:00Z
USE-0014-0061,CUST-0014,WS-0014,2026-08-03,52,364,2,2026-08-03T02:00:00Z
USE-0014-0062,CUST-0014,WS-0014,2026-08-04,49,343,2,2026-08-04T02:00:00Z
USE-0014-0063,CUST-0014,WS-0014,2026-08-05,51,357,0,2026-08-05T02:00:00Z
USE-0014-0064,CUST-0014,WS-0014,2026-08-06,53,371,0,2026-08-06T02:00:00Z
USE-0014-0065,CUST-0014,WS-0014,2026-08-07,53,371,2,2026-08-07T02:00:00Z
USE-0014-0066,CUST-0014,WS-0014,2026-08-08,56,392,1,2026-08-08T02:00:00Z
USE-0014-0067,CUST-0014,WS-0014,2026-08-09,53,371,1,2026-08-09T02:00:00Z
USE-0014-0068,CUST-0014,WS-0014,2026-08-10,50,350,2,2026-08-10T02:00:00Z
USE-0014-0069,CUST-0014,WS-0014,2026-08-11,53,371,2,2026-08-11T02:00:00Z
USE-0014-0070,CUST-0014,WS-0014,2026-08-12,50,350,1,2026-08-12T02:00:00Z
USE-0014-0071,CUST-0014,WS-0014,2026-08-13,54,378,2,2026-08-13T02:00:00Z
USE-0014-0072,CUST-0014,WS-0014,2026-08-14,53,371,2,2026-08-14T02:00:00Z
USE-0014-0073,CUST-0014,WS-0014,2026-08-15,52,364,2,2026-08-15T02:00:00Z
USE-0014-0074,CUST-0014,WS-0014,2026-08-16,54,378,2,2026-08-16T02:00:00Z
USE-0014-0075,CUST-0014,WS-0014,2026-08-17,56,392,2,2026-08-17T02:00:00Z
USE-0014-0076,CUST-0014,WS-0014,2026-08-18,55,385,1,2026-08-18T02:00:00Z
USE-0014-0077,CUST-0014,WS-0014,2026-08-19,52,364,2,2026-08-19T02:00:00Z
USE-0014-0078,CUST-0014,WS-0014,2026-08-20,57,399,2,2026-08-20T02:00:00Z
USE-0014-0079,CUST-0014,WS-0014,2026-08-21,53,371,2,2026-08-21T02:00:00Z
USE-0014-0080,CUST-0014,WS-0014,2026-08-22,50,350,1,2026-08-22T02:00:00Z
USE-0014-0081,CUST-0014,WS-0014,2026-08-23,53,371,2,2026-08-23T02:00:00Z
USE-0014-0082,CUST-0014,WS-0014,2026-08-24,54,378,2,2026-08-24T02:00:00Z
USE-0014-0083,CUST-0014,WS-0014,2026-08-25,52,364,1,2026-08-25T02:00:00Z
USE-0014-0084,CUST-0014,WS-0014,2026-08-26,54,378,1,2026-08-26T02:00:00Z
USE-0014-0085,CUST-0014,WS-0014,2026-08-27,50,350,1,2026-08-27T02:00:00Z
USE-0014-0086,CUST-0014,WS-0014,2026-08-28,50,350,2,2026-08-28T02:00:00Z
USE-0014-0087,CUST-0014,WS-0014,2026-08-29,50,350,2,2026-08-29T02:00:00Z
USE-0014-0088,CUST-0014,WS-0014,2026-08-30,49,343,1,2026-08-30T02:00:00Z
USE-0014-0089,CUST-0014,WS-0014,2026-08-31,54,378,0,2026-08-31T02:00:00Z
USE-0014-0090,CUST-0014,WS-0014,2026-09-01,54,378,0,2026-09-01T02:00:00Z
USE-0015-0001,CUST-0015,WS-0015,2026-06-04,32,192,1,2026-06-04T02:00:00Z
USE-0015-0002,CUST-0015,WS-0015,2026-06-05,33,165,2,2026-06-05T02:00:00Z
USE-0015-0003,CUST-0015,WS-0015,2026-06-06,31,93,1,2026-06-06T02:00:00Z
USE-0015-0004,CUST-0015,WS-0015,2026-06-07,35,140,0,2026-06-07T02:00:00Z
USE-0015-0005,CUST-0015,WS-0015,2026-06-08,40,160,1,2026-06-08T02:00:00Z
USE-0015-0006,CUST-0015,WS-0015,2026-06-09,32,128,2,2026-06-09T02:00:00Z
USE-0015-0007,CUST-0015,WS-0015,2026-06-10,37,222,1,2026-06-10T02:00:00Z
USE-0015-0008,CUST-0015,WS-0015,2026-06-11,37,222,1,2026-06-11T02:00:00Z
USE-0015-0009,CUST-0015,WS-0015,2026-06-12,31,93,2,2026-06-12T02:00:00Z
USE-0015-0010,CUST-0015,WS-0015,2026-06-13,34,170,0,2026-06-13T02:00:00Z
USE-0015-0011,CUST-0015,WS-0015,2026-06-14,36,144,0,2026-06-14T02:00:00Z
USE-0015-0012,CUST-0015,WS-0015,2026-06-15,31,124,0,2026-06-15T02:00:00Z
USE-0015-0013,CUST-0015,WS-0015,2026-06-16,36,180,0,2026-06-16T02:00:00Z
USE-0015-0014,CUST-0015,WS-0015,2026-06-17,32,192,2,2026-06-17T02:00:00Z
USE-0015-0015,CUST-0015,WS-0015,2026-06-18,40,200,0,2026-06-18T02:00:00Z
USE-0015-0016,CUST-0015,WS-0015,2026-06-19,32,96,1,2026-06-19T02:00:00Z
USE-0015-0017,CUST-0015,WS-0015,2026-06-20,35,210,2,2026-06-20T02:00:00Z
USE-0015-0018,CUST-0015,WS-0015,2026-06-21,39,195,1,2026-06-21T02:00:00Z
USE-0015-0019,CUST-0015,WS-0015,2026-06-22,33,165,1,2026-06-22T02:00:00Z
USE-0015-0020,CUST-0015,WS-0015,2026-06-23,36,144,0,2026-06-23T02:00:00Z
USE-0015-0021,CUST-0015,WS-0015,2026-06-24,37,111,0,2026-06-24T02:00:00Z
USE-0015-0022,CUST-0015,WS-0015,2026-06-25,34,136,0,2026-06-25T02:00:00Z
USE-0015-0023,CUST-0015,WS-0015,2026-06-26,31,124,0,2026-06-26T02:00:00Z
USE-0015-0024,CUST-0015,WS-0015,2026-06-27,36,108,1,2026-06-27T02:00:00Z
USE-0015-0025,CUST-0015,WS-0015,2026-06-28,35,105,2,2026-06-28T02:00:00Z
USE-0015-0026,CUST-0015,WS-0015,2026-06-29,31,93,2,2026-06-29T02:00:00Z
USE-0015-0027,CUST-0015,WS-0015,2026-06-30,31,93,2,2026-06-30T02:00:00Z
USE-0015-0028,CUST-0015,WS-0015,2026-07-01,32,192,1,2026-07-01T02:00:00Z
USE-0015-0029,CUST-0015,WS-0015,2026-07-02,37,111,2,2026-07-02T02:00:00Z
USE-0015-0030,CUST-0015,WS-0015,2026-07-03,35,210,2,2026-07-03T02:00:00Z
USE-0015-0031,CUST-0015,WS-0015,2026-07-04,33,132,2,2026-07-04T02:00:00Z
USE-0015-0032,CUST-0015,WS-0015,2026-07-05,31,155,1,2026-07-05T02:00:00Z
USE-0015-0033,CUST-0015,WS-0015,2026-07-06,32,160,2,2026-07-06T02:00:00Z
USE-0015-0034,CUST-0015,WS-0015,2026-07-07,40,160,1,2026-07-07T02:00:00Z
USE-0015-0035,CUST-0015,WS-0015,2026-07-08,32,96,1,2026-07-08T02:00:00Z
USE-0015-0036,CUST-0015,WS-0015,2026-07-09,32,96,1,2026-07-09T02:00:00Z
USE-0015-0037,CUST-0015,WS-0015,2026-07-10,34,136,1,2026-07-10T02:00:00Z
USE-0015-0038,CUST-0015,WS-0015,2026-07-11,39,156,1,2026-07-11T02:00:00Z
USE-0015-0039,CUST-0015,WS-0015,2026-07-12,37,185,0,2026-07-12T02:00:00Z
USE-0015-0040,CUST-0015,WS-0015,2026-07-13,31,186,0,2026-07-13T02:00:00Z
USE-0015-0041,CUST-0015,WS-0015,2026-07-14,38,190,0,2026-07-14T02:00:00Z
USE-0015-0042,CUST-0015,WS-0015,2026-07-15,31,93,2,2026-07-15T02:00:00Z
USE-0015-0043,CUST-0015,WS-0015,2026-07-16,32,96,2,2026-07-16T02:00:00Z
USE-0015-0044,CUST-0015,WS-0015,2026-07-17,38,152,0,2026-07-17T02:00:00Z
USE-0015-0045,CUST-0015,WS-0015,2026-07-18,39,117,2,2026-07-18T02:00:00Z
USE-0015-0046,CUST-0015,WS-0015,2026-07-19,32,160,2,2026-07-19T02:00:00Z
USE-0015-0047,CUST-0015,WS-0015,2026-07-20,34,204,1,2026-07-20T02:00:00Z
USE-0015-0048,CUST-0015,WS-0015,2026-07-21,35,210,0,2026-07-21T02:00:00Z
USE-0015-0049,CUST-0015,WS-0015,2026-07-22,32,128,0,2026-07-22T02:00:00Z
USE-0015-0050,CUST-0015,WS-0015,2026-07-23,35,175,2,2026-07-23T02:00:00Z
USE-0015-0051,CUST-0015,WS-0015,2026-07-24,36,216,2,2026-07-24T02:00:00Z
USE-0015-0052,CUST-0015,WS-0015,2026-07-25,32,96,0,2026-07-25T02:00:00Z
USE-0015-0053,CUST-0015,WS-0015,2026-07-26,31,124,2,2026-07-26T02:00:00Z
USE-0015-0054,CUST-0015,WS-0015,2026-07-27,33,165,1,2026-07-27T02:00:00Z
USE-0015-0055,CUST-0015,WS-0015,2026-07-28,38,190,2,2026-07-28T02:00:00Z
USE-0015-0056,CUST-0015,WS-0015,2026-07-29,32,160,1,2026-07-29T02:00:00Z
USE-0015-0057,CUST-0015,WS-0015,2026-07-30,33,99,1,2026-07-30T02:00:00Z
USE-0015-0058,CUST-0015,WS-0015,2026-07-31,37,222,1,2026-07-31T02:00:00Z
USE-0015-0059,CUST-0015,WS-0015,2026-08-01,37,222,1,2026-08-01T02:00:00Z
USE-0015-0060,CUST-0015,WS-0015,2026-08-02,33,99,0,2026-08-02T02:00:00Z
USE-0015-0061,CUST-0015,WS-0015,2026-08-03,31,124,0,2026-08-03T02:00:00Z
USE-0015-0062,CUST-0015,WS-0015,2026-08-04,37,222,2,2026-08-04T02:00:00Z
USE-0015-0063,CUST-0015,WS-0015,2026-08-05,38,152,2,2026-08-05T02:00:00Z
USE-0015-0064,CUST-0015,WS-0015,2026-08-06,37,185,2,2026-08-06T02:00:00Z
USE-0015-0065,CUST-0015,WS-0015,2026-08-07,31,124,1,2026-08-07T02:00:00Z
USE-0015-0066,CUST-0015,WS-0015,2026-08-08,38,114,1,2026-08-08T02:00:00Z
USE-0015-0067,CUST-0015,WS-0015,2026-08-09,38,114,0,2026-08-09T02:00:00Z
USE-0015-0068,CUST-0015,WS-0015,2026-08-10,35,175,0,2026-08-10T02:00:00Z
USE-0015-0069,CUST-0015,WS-0015,2026-08-11,39,156,2,2026-08-11T02:00:00Z
USE-0015-0070,CUST-0015,WS-0015,2026-08-12,36,108,1,2026-08-12T02:00:00Z
USE-0015-0071,CUST-0015,WS-0015,2026-08-13,34,204,1,2026-08-13T02:00:00Z
USE-0015-0072,CUST-0015,WS-0015,2026-08-14,37,148,2,2026-08-14T02:00:00Z
USE-0015-0073,CUST-0015,WS-0015,2026-08-15,40,120,0,2026-08-15T02:00:00Z
USE-0015-0074,CUST-0015,WS-0015,2026-08-16,33,198,1,2026-08-16T02:00:00Z
USE-0015-0075,CUST-0015,WS-0015,2026-08-17,33,99,1,2026-08-17T02:00:00Z
USE-0015-0076,CUST-0015,WS-0015,2026-08-18,36,144,1,2026-08-18T02:00:00Z
USE-0015-0077,CUST-0015,WS-0015,2026-08-19,35,105,2,2026-08-19T02:00:00Z
USE-0015-0078,CUST-0015,WS-0015,2026-08-20,34,204,1,2026-08-20T02:00:00Z
USE-0015-0079,CUST-0015,WS-0015,2026-08-21,34,102,1,2026-08-21T02:00:00Z
USE-0015-0080,CUST-0015,WS-0015,2026-08-22,38,228,0,2026-08-22T02:00:00Z
USE-0015-0081,CUST-0015,WS-0015,2026-08-23,38,228,1,2026-08-23T02:00:00Z
USE-0015-0082,CUST-0015,WS-0015,2026-08-24,32,192,2,2026-08-24T02:00:00Z
USE-0015-0083,CUST-0015,WS-0015,2026-08-25,31,93,1,2026-08-25T02:00:00Z
USE-0015-0084,CUST-0015,WS-0015,2026-08-26,37,111,2,2026-08-26T02:00:00Z
USE-0015-0085,CUST-0015,WS-0015,2026-08-27,39,117,0,2026-08-27T02:00:00Z
USE-0015-0086,CUST-0015,WS-0015,2026-08-28,40,200,2,2026-08-28T02:00:00Z
USE-0015-0087,CUST-0015,WS-0015,2026-08-29,39,156,2,2026-08-29T02:00:00Z
USE-0015-0088,CUST-0015,WS-0015,2026-08-30,38,190,1,2026-08-30T02:00:00Z
USE-0015-0089,CUST-0015,WS-0015,2026-08-31,31,124,1,2026-08-31T02:00:00Z
USE-0015-0090,CUST-0015,WS-0015,2026-09-01,36,216,2,2026-09-01T02:00:00Z
USE-0016-0001,CUST-0016,WS-0016,2026-06-04,37,222,0,2026-06-04T02:00:00Z
USE-0016-0002,CUST-0016,WS-0016,2026-06-05,33,132,0,2026-06-05T02:00:00Z
USE-0016-0003,CUST-0016,WS-0016,2026-06-06,37,185,2,2026-06-06T02:00:00Z
USE-0016-0004,CUST-0016,WS-0016,2026-06-07,36,180,2,2026-06-07T02:00:00Z
USE-0016-0005,CUST-0016,WS-0016,2026-06-08,33,99,0,2026-06-08T02:00:00Z
USE-0016-0006,CUST-0016,WS-0016,2026-06-09,39,156,2,2026-06-09T02:00:00Z
USE-0016-0007,CUST-0016,WS-0016,2026-06-10,38,114,1,2026-06-10T02:00:00Z
USE-0016-0008,CUST-0016,WS-0016,2026-06-11,41,164,0,2026-06-11T02:00:00Z
USE-0016-0009,CUST-0016,WS-0016,2026-06-12,33,198,0,2026-06-12T02:00:00Z
USE-0016-0010,CUST-0016,WS-0016,2026-06-13,39,156,2,2026-06-13T02:00:00Z
USE-0016-0011,CUST-0016,WS-0016,2026-06-14,37,111,1,2026-06-14T02:00:00Z
USE-0016-0012,CUST-0016,WS-0016,2026-06-15,32,96,1,2026-06-15T02:00:00Z
USE-0016-0013,CUST-0016,WS-0016,2026-06-16,39,156,1,2026-06-16T02:00:00Z
USE-0016-0014,CUST-0016,WS-0016,2026-06-17,32,96,2,2026-06-17T02:00:00Z
USE-0016-0015,CUST-0016,WS-0016,2026-06-18,38,228,2,2026-06-18T02:00:00Z
USE-0016-0016,CUST-0016,WS-0016,2026-06-19,34,136,2,2026-06-19T02:00:00Z
USE-0016-0017,CUST-0016,WS-0016,2026-06-20,34,102,1,2026-06-20T02:00:00Z
USE-0016-0018,CUST-0016,WS-0016,2026-06-21,41,205,2,2026-06-21T02:00:00Z
USE-0016-0019,CUST-0016,WS-0016,2026-06-22,38,228,2,2026-06-22T02:00:00Z
USE-0016-0020,CUST-0016,WS-0016,2026-06-23,35,175,1,2026-06-23T02:00:00Z
USE-0016-0021,CUST-0016,WS-0016,2026-06-24,37,185,1,2026-06-24T02:00:00Z
USE-0016-0022,CUST-0016,WS-0016,2026-06-25,34,136,1,2026-06-25T02:00:00Z
USE-0016-0023,CUST-0016,WS-0016,2026-06-26,41,205,2,2026-06-26T02:00:00Z
USE-0016-0024,CUST-0016,WS-0016,2026-06-27,40,200,2,2026-06-27T02:00:00Z
USE-0016-0025,CUST-0016,WS-0016,2026-06-28,40,160,0,2026-06-28T02:00:00Z
USE-0016-0026,CUST-0016,WS-0016,2026-06-29,35,175,2,2026-06-29T02:00:00Z
USE-0016-0027,CUST-0016,WS-0016,2026-06-30,37,148,2,2026-06-30T02:00:00Z
USE-0016-0028,CUST-0016,WS-0016,2026-07-01,34,170,2,2026-07-01T02:00:00Z
USE-0016-0029,CUST-0016,WS-0016,2026-07-02,33,165,2,2026-07-02T02:00:00Z
USE-0016-0030,CUST-0016,WS-0016,2026-07-03,39,234,2,2026-07-03T02:00:00Z
USE-0016-0031,CUST-0016,WS-0016,2026-07-04,40,200,1,2026-07-04T02:00:00Z
USE-0016-0032,CUST-0016,WS-0016,2026-07-05,32,96,0,2026-07-05T02:00:00Z
USE-0016-0033,CUST-0016,WS-0016,2026-07-06,38,152,0,2026-07-06T02:00:00Z
USE-0016-0034,CUST-0016,WS-0016,2026-07-07,32,128,1,2026-07-07T02:00:00Z
USE-0016-0035,CUST-0016,WS-0016,2026-07-08,34,170,2,2026-07-08T02:00:00Z
USE-0016-0036,CUST-0016,WS-0016,2026-07-09,36,144,0,2026-07-09T02:00:00Z
USE-0016-0037,CUST-0016,WS-0016,2026-07-10,36,144,2,2026-07-10T02:00:00Z
USE-0016-0038,CUST-0016,WS-0016,2026-07-11,32,160,1,2026-07-11T02:00:00Z
USE-0016-0039,CUST-0016,WS-0016,2026-07-12,33,132,2,2026-07-12T02:00:00Z
USE-0016-0040,CUST-0016,WS-0016,2026-07-13,40,240,0,2026-07-13T02:00:00Z
USE-0016-0041,CUST-0016,WS-0016,2026-07-14,40,200,2,2026-07-14T02:00:00Z
USE-0016-0042,CUST-0016,WS-0016,2026-07-15,32,192,1,2026-07-15T02:00:00Z
USE-0016-0043,CUST-0016,WS-0016,2026-07-16,38,190,2,2026-07-16T02:00:00Z
USE-0016-0044,CUST-0016,WS-0016,2026-07-17,32,96,2,2026-07-17T02:00:00Z
USE-0016-0045,CUST-0016,WS-0016,2026-07-18,36,144,2,2026-07-18T02:00:00Z
USE-0016-0046,CUST-0016,WS-0016,2026-07-19,39,156,2,2026-07-19T02:00:00Z
USE-0016-0047,CUST-0016,WS-0016,2026-07-20,37,148,2,2026-07-20T02:00:00Z
USE-0016-0048,CUST-0016,WS-0016,2026-07-21,35,175,1,2026-07-21T02:00:00Z
USE-0016-0049,CUST-0016,WS-0016,2026-07-22,34,102,0,2026-07-22T02:00:00Z
USE-0016-0050,CUST-0016,WS-0016,2026-07-23,34,102,1,2026-07-23T02:00:00Z
USE-0016-0051,CUST-0016,WS-0016,2026-07-24,32,192,1,2026-07-24T02:00:00Z
USE-0016-0052,CUST-0016,WS-0016,2026-07-25,40,200,0,2026-07-25T02:00:00Z
USE-0016-0053,CUST-0016,WS-0016,2026-07-26,34,170,0,2026-07-26T02:00:00Z
USE-0016-0054,CUST-0016,WS-0016,2026-07-27,37,222,2,2026-07-27T02:00:00Z
USE-0016-0055,CUST-0016,WS-0016,2026-07-28,34,102,0,2026-07-28T02:00:00Z
USE-0016-0056,CUST-0016,WS-0016,2026-07-29,37,111,2,2026-07-29T02:00:00Z
USE-0016-0057,CUST-0016,WS-0016,2026-07-30,41,205,1,2026-07-30T02:00:00Z
USE-0016-0058,CUST-0016,WS-0016,2026-07-31,41,205,0,2026-07-31T02:00:00Z
USE-0016-0059,CUST-0016,WS-0016,2026-08-01,37,148,0,2026-08-01T02:00:00Z
USE-0016-0060,CUST-0016,WS-0016,2026-08-02,40,120,2,2026-08-02T02:00:00Z
USE-0016-0061,CUST-0016,WS-0016,2026-08-03,9,134,2,2026-08-03T02:00:00Z
USE-0016-0062,CUST-0016,WS-0016,2026-08-04,15,170,0,2026-08-04T02:00:00Z
USE-0016-0063,CUST-0016,WS-0016,2026-08-05,12,78,0,2026-08-05T02:00:00Z
USE-0016-0064,CUST-0016,WS-0016,2026-08-06,12,115,1,2026-08-06T02:00:00Z
USE-0016-0065,CUST-0016,WS-0016,2026-08-07,11,74,2,2026-08-07T02:00:00Z
USE-0016-0066,CUST-0016,WS-0016,2026-08-08,15,170,2,2026-08-08T02:00:00Z
USE-0016-0067,CUST-0016,WS-0016,2026-08-09,7,26,2,2026-08-09T02:00:00Z
USE-0016-0068,CUST-0016,WS-0016,2026-08-10,12,152,0,2026-08-10T02:00:00Z
USE-0016-0069,CUST-0016,WS-0016,2026-08-11,16,94,0,2026-08-11T02:00:00Z
USE-0016-0070,CUST-0016,WS-0016,2026-08-12,12,152,0,2026-08-12T02:00:00Z
USE-0016-0071,CUST-0016,WS-0016,2026-08-13,13,120,2,2026-08-13T02:00:00Z
USE-0016-0072,CUST-0016,WS-0016,2026-08-14,11,38,2,2026-08-14T02:00:00Z
USE-0016-0073,CUST-0016,WS-0016,2026-08-15,12,152,1,2026-08-15T02:00:00Z
USE-0016-0074,CUST-0016,WS-0016,2026-08-16,7,90,2,2026-08-16T02:00:00Z
USE-0016-0075,CUST-0016,WS-0016,2026-08-17,10,105,2,2026-08-17T02:00:00Z
USE-0016-0076,CUST-0016,WS-0016,2026-08-18,8,29,0,2026-08-18T02:00:00Z
USE-0016-0077,CUST-0016,WS-0016,2026-08-19,15,50,2,2026-08-19T02:00:00Z
USE-0016-0078,CUST-0016,WS-0016,2026-08-20,8,62,2,2026-08-20T02:00:00Z
USE-0016-0079,CUST-0016,WS-0016,2026-08-21,10,140,0,2026-08-21T02:00:00Z
USE-0016-0080,CUST-0016,WS-0016,2026-08-22,10,140,2,2026-08-22T02:00:00Z
USE-0016-0081,CUST-0016,WS-0016,2026-08-23,8,62,0,2026-08-23T02:00:00Z
USE-0016-0082,CUST-0016,WS-0016,2026-08-24,14,125,0,2026-08-24T02:00:00Z
USE-0016-0083,CUST-0016,WS-0016,2026-08-25,8,29,0,2026-08-25T02:00:00Z
USE-0016-0084,CUST-0016,WS-0016,2026-08-26,9,100,2,2026-08-26T02:00:00Z
USE-0016-0085,CUST-0016,WS-0016,2026-08-27,8,62,1,2026-08-27T02:00:00Z
USE-0016-0086,CUST-0016,WS-0016,2026-08-28,13,158,1,2026-08-28T02:00:00Z
USE-0016-0087,CUST-0016,WS-0016,2026-08-29,13,158,1,2026-08-29T02:00:00Z
USE-0016-0088,CUST-0016,WS-0016,2026-08-30,7,122,2,2026-08-30T02:00:00Z
USE-0016-0089,CUST-0016,WS-0016,2026-08-31,8,29,2,2026-08-31T02:00:00Z
USE-0016-0090,CUST-0016,WS-0016,2026-09-01,16,53,2,2026-09-01T02:00:00Z
USE-0017-0001,CUST-0017,WS-0017,2026-06-04,33,99,1,2026-06-04T02:00:00Z
USE-0017-0002,CUST-0017,WS-0017,2026-06-05,41,123,1,2026-06-05T02:00:00Z
USE-0017-0003,CUST-0017,WS-0017,2026-06-06,37,111,1,2026-06-06T02:00:00Z
USE-0017-0004,CUST-0017,WS-0017,2026-06-07,40,240,1,2026-06-07T02:00:00Z
USE-0017-0005,CUST-0017,WS-0017,2026-06-08,33,198,0,2026-06-08T02:00:00Z
USE-0017-0006,CUST-0017,WS-0017,2026-06-09,41,164,0,2026-06-09T02:00:00Z
USE-0017-0007,CUST-0017,WS-0017,2026-06-10,39,195,2,2026-06-10T02:00:00Z
USE-0017-0008,CUST-0017,WS-0017,2026-06-11,35,175,2,2026-06-11T02:00:00Z
USE-0017-0009,CUST-0017,WS-0017,2026-06-12,38,114,2,2026-06-12T02:00:00Z
USE-0017-0010,CUST-0017,WS-0017,2026-06-13,41,164,0,2026-06-13T02:00:00Z
USE-0017-0011,CUST-0017,WS-0017,2026-06-14,33,99,2,2026-06-14T02:00:00Z
USE-0017-0012,CUST-0017,WS-0017,2026-06-15,42,252,2,2026-06-15T02:00:00Z
USE-0017-0013,CUST-0017,WS-0017,2026-06-16,41,123,1,2026-06-16T02:00:00Z
USE-0017-0014,CUST-0017,WS-0017,2026-06-17,36,180,0,2026-06-17T02:00:00Z
USE-0017-0015,CUST-0017,WS-0017,2026-06-18,39,156,0,2026-06-18T02:00:00Z
USE-0017-0016,CUST-0017,WS-0017,2026-06-19,35,140,2,2026-06-19T02:00:00Z
USE-0017-0017,CUST-0017,WS-0017,2026-06-20,37,148,0,2026-06-20T02:00:00Z
USE-0017-0018,CUST-0017,WS-0017,2026-06-21,35,105,2,2026-06-21T02:00:00Z
USE-0017-0019,CUST-0017,WS-0017,2026-06-22,40,120,1,2026-06-22T02:00:00Z
USE-0017-0020,CUST-0017,WS-0017,2026-06-23,34,170,0,2026-06-23T02:00:00Z
USE-0017-0021,CUST-0017,WS-0017,2026-06-24,36,216,1,2026-06-24T02:00:00Z
USE-0017-0022,CUST-0017,WS-0017,2026-06-25,38,152,2,2026-06-25T02:00:00Z
USE-0017-0023,CUST-0017,WS-0017,2026-06-26,36,108,1,2026-06-26T02:00:00Z
USE-0017-0024,CUST-0017,WS-0017,2026-06-27,42,126,0,2026-06-27T02:00:00Z
USE-0017-0025,CUST-0017,WS-0017,2026-06-28,38,228,1,2026-06-28T02:00:00Z
USE-0017-0026,CUST-0017,WS-0017,2026-06-29,38,190,2,2026-06-29T02:00:00Z
USE-0017-0027,CUST-0017,WS-0017,2026-06-30,42,168,2,2026-06-30T02:00:00Z
USE-0017-0028,CUST-0017,WS-0017,2026-07-01,42,210,1,2026-07-01T02:00:00Z
USE-0017-0029,CUST-0017,WS-0017,2026-07-02,39,156,0,2026-07-02T02:00:00Z
USE-0017-0030,CUST-0017,WS-0017,2026-07-03,38,152,0,2026-07-03T02:00:00Z
USE-0017-0031,CUST-0017,WS-0017,2026-07-04,39,195,1,2026-07-04T02:00:00Z
USE-0017-0032,CUST-0017,WS-0017,2026-07-05,35,175,1,2026-07-05T02:00:00Z
USE-0017-0033,CUST-0017,WS-0017,2026-07-06,40,240,1,2026-07-06T02:00:00Z
USE-0017-0034,CUST-0017,WS-0017,2026-07-07,37,222,2,2026-07-07T02:00:00Z
USE-0017-0035,CUST-0017,WS-0017,2026-07-08,34,136,2,2026-07-08T02:00:00Z
USE-0017-0036,CUST-0017,WS-0017,2026-07-09,42,126,1,2026-07-09T02:00:00Z
USE-0017-0037,CUST-0017,WS-0017,2026-07-10,35,140,1,2026-07-10T02:00:00Z
USE-0017-0038,CUST-0017,WS-0017,2026-07-11,34,102,0,2026-07-11T02:00:00Z
USE-0017-0039,CUST-0017,WS-0017,2026-07-12,41,123,2,2026-07-12T02:00:00Z
USE-0017-0040,CUST-0017,WS-0017,2026-07-13,42,252,2,2026-07-13T02:00:00Z
USE-0017-0041,CUST-0017,WS-0017,2026-07-14,36,108,2,2026-07-14T02:00:00Z
USE-0017-0042,CUST-0017,WS-0017,2026-07-15,37,222,2,2026-07-15T02:00:00Z
USE-0017-0043,CUST-0017,WS-0017,2026-07-16,35,175,1,2026-07-16T02:00:00Z
USE-0017-0044,CUST-0017,WS-0017,2026-07-17,36,180,0,2026-07-17T02:00:00Z
USE-0017-0045,CUST-0017,WS-0017,2026-07-18,40,120,1,2026-07-18T02:00:00Z
USE-0017-0046,CUST-0017,WS-0017,2026-07-19,38,114,2,2026-07-19T02:00:00Z
USE-0017-0047,CUST-0017,WS-0017,2026-07-20,36,144,2,2026-07-20T02:00:00Z
USE-0017-0048,CUST-0017,WS-0017,2026-07-21,35,210,0,2026-07-21T02:00:00Z
USE-0017-0049,CUST-0017,WS-0017,2026-07-22,35,140,2,2026-07-22T02:00:00Z
USE-0017-0050,CUST-0017,WS-0017,2026-07-23,40,200,0,2026-07-23T02:00:00Z
USE-0017-0051,CUST-0017,WS-0017,2026-07-24,36,216,0,2026-07-24T02:00:00Z
USE-0017-0052,CUST-0017,WS-0017,2026-07-25,34,170,1,2026-07-25T02:00:00Z
USE-0017-0053,CUST-0017,WS-0017,2026-07-26,36,108,2,2026-07-26T02:00:00Z
USE-0017-0054,CUST-0017,WS-0017,2026-07-27,36,180,1,2026-07-27T02:00:00Z
USE-0017-0055,CUST-0017,WS-0017,2026-07-28,40,240,0,2026-07-28T02:00:00Z
USE-0017-0056,CUST-0017,WS-0017,2026-07-29,33,165,0,2026-07-29T02:00:00Z
USE-0017-0057,CUST-0017,WS-0017,2026-07-30,41,205,2,2026-07-30T02:00:00Z
USE-0017-0058,CUST-0017,WS-0017,2026-07-31,37,148,1,2026-07-31T02:00:00Z
USE-0017-0059,CUST-0017,WS-0017,2026-08-01,39,195,2,2026-08-01T02:00:00Z
USE-0017-0060,CUST-0017,WS-0017,2026-08-02,34,170,1,2026-08-02T02:00:00Z
USE-0017-0061,CUST-0017,WS-0017,2026-08-03,36,216,1,2026-08-03T02:00:00Z
USE-0017-0062,CUST-0017,WS-0017,2026-08-04,38,228,1,2026-08-04T02:00:00Z
USE-0017-0063,CUST-0017,WS-0017,2026-08-05,42,126,2,2026-08-05T02:00:00Z
USE-0017-0064,CUST-0017,WS-0017,2026-08-06,35,210,0,2026-08-06T02:00:00Z
USE-0017-0065,CUST-0017,WS-0017,2026-08-07,36,108,2,2026-08-07T02:00:00Z
USE-0017-0066,CUST-0017,WS-0017,2026-08-08,37,148,0,2026-08-08T02:00:00Z
USE-0017-0067,CUST-0017,WS-0017,2026-08-09,35,140,1,2026-08-09T02:00:00Z
USE-0017-0068,CUST-0017,WS-0017,2026-08-10,42,126,2,2026-08-10T02:00:00Z
USE-0017-0069,CUST-0017,WS-0017,2026-08-11,36,216,1,2026-08-11T02:00:00Z
USE-0017-0070,CUST-0017,WS-0017,2026-08-12,34,204,2,2026-08-12T02:00:00Z
USE-0017-0071,CUST-0017,WS-0017,2026-08-13,40,240,0,2026-08-13T02:00:00Z
USE-0017-0072,CUST-0017,WS-0017,2026-08-14,42,168,2,2026-08-14T02:00:00Z
USE-0017-0073,CUST-0017,WS-0017,2026-08-15,39,117,0,2026-08-15T02:00:00Z
USE-0017-0074,CUST-0017,WS-0017,2026-08-16,33,132,2,2026-08-16T02:00:00Z
USE-0017-0075,CUST-0017,WS-0017,2026-08-17,42,168,0,2026-08-17T02:00:00Z
USE-0017-0076,CUST-0017,WS-0017,2026-08-18,41,123,2,2026-08-18T02:00:00Z
USE-0017-0077,CUST-0017,WS-0017,2026-08-19,35,105,0,2026-08-19T02:00:00Z
USE-0017-0078,CUST-0017,WS-0017,2026-08-20,37,148,2,2026-08-20T02:00:00Z
USE-0017-0079,CUST-0017,WS-0017,2026-08-21,39,117,2,2026-08-21T02:00:00Z
USE-0017-0080,CUST-0017,WS-0017,2026-08-22,37,111,0,2026-08-22T02:00:00Z
USE-0017-0081,CUST-0017,WS-0017,2026-08-23,40,240,1,2026-08-23T02:00:00Z
USE-0017-0082,CUST-0017,WS-0017,2026-08-24,35,140,1,2026-08-24T02:00:00Z
USE-0017-0083,CUST-0017,WS-0017,2026-08-25,42,168,2,2026-08-25T02:00:00Z
USE-0017-0084,CUST-0017,WS-0017,2026-08-26,35,175,0,2026-08-26T02:00:00Z
USE-0017-0085,CUST-0017,WS-0017,2026-08-27,38,228,2,2026-08-27T02:00:00Z
USE-0017-0086,CUST-0017,WS-0017,2026-08-28,42,126,0,2026-08-28T02:00:00Z
USE-0017-0087,CUST-0017,WS-0017,2026-08-29,39,234,0,2026-08-29T02:00:00Z
USE-0017-0088,CUST-0017,WS-0017,2026-08-30,34,102,0,2026-08-30T02:00:00Z
USE-0017-0089,CUST-0017,WS-0017,2026-08-31,41,246,0,2026-08-31T02:00:00Z
USE-0017-0090,CUST-0017,WS-0017,2026-09-01,42,126,0,2026-09-01T02:00:00Z
USE-0018-0001,CUST-0018,WS-0018,2026-06-04,25,75,2,2026-06-04T02:00:00Z
USE-0018-0002,CUST-0018,WS-0018,2026-06-05,24,72,0,2026-06-05T02:00:00Z
USE-0018-0003,CUST-0018,WS-0018,2026-06-06,23,92,2,2026-06-06T02:00:00Z
USE-0018-0004,CUST-0018,WS-0018,2026-06-07,24,72,2,2026-06-07T02:00:00Z
USE-0018-0005,CUST-0018,WS-0018,2026-06-08,22,132,1,2026-06-08T02:00:00Z
USE-0018-0006,CUST-0018,WS-0018,2026-06-09,16,96,0,2026-06-09T02:00:00Z
USE-0018-0007,CUST-0018,WS-0018,2026-06-10,23,138,1,2026-06-10T02:00:00Z
USE-0018-0008,CUST-0018,WS-0018,2026-06-11,25,75,1,2026-06-11T02:00:00Z
USE-0018-0009,CUST-0018,WS-0018,2026-06-12,18,90,1,2026-06-12T02:00:00Z
USE-0018-0010,CUST-0018,WS-0018,2026-06-13,19,57,1,2026-06-13T02:00:00Z
USE-0018-0011,CUST-0018,WS-0018,2026-06-14,25,150,1,2026-06-14T02:00:00Z
USE-0018-0012,CUST-0018,WS-0018,2026-06-15,19,57,2,2026-06-15T02:00:00Z
USE-0018-0013,CUST-0018,WS-0018,2026-06-16,16,48,2,2026-06-16T02:00:00Z
USE-0018-0014,CUST-0018,WS-0018,2026-06-17,16,96,2,2026-06-17T02:00:00Z
USE-0018-0015,CUST-0018,WS-0018,2026-06-18,19,95,1,2026-06-18T02:00:00Z
USE-0018-0016,CUST-0018,WS-0018,2026-06-19,21,63,0,2026-06-19T02:00:00Z
USE-0018-0017,CUST-0018,WS-0018,2026-06-20,22,110,1,2026-06-20T02:00:00Z
USE-0018-0018,CUST-0018,WS-0018,2026-06-21,24,144,2,2026-06-21T02:00:00Z
USE-0018-0019,CUST-0018,WS-0018,2026-06-22,21,105,2,2026-06-22T02:00:00Z
USE-0018-0020,CUST-0018,WS-0018,2026-06-23,22,88,1,2026-06-23T02:00:00Z
USE-0018-0021,CUST-0018,WS-0018,2026-06-24,24,144,0,2026-06-24T02:00:00Z
USE-0018-0022,CUST-0018,WS-0018,2026-06-25,21,126,1,2026-06-25T02:00:00Z
USE-0018-0023,CUST-0018,WS-0018,2026-06-26,20,100,2,2026-06-26T02:00:00Z
USE-0018-0024,CUST-0018,WS-0018,2026-06-27,22,88,2,2026-06-27T02:00:00Z
USE-0018-0025,CUST-0018,WS-0018,2026-06-28,17,68,1,2026-06-28T02:00:00Z
USE-0018-0026,CUST-0018,WS-0018,2026-06-29,18,54,0,2026-06-29T02:00:00Z
USE-0018-0027,CUST-0018,WS-0018,2026-06-30,24,144,1,2026-06-30T02:00:00Z
USE-0018-0028,CUST-0018,WS-0018,2026-07-01,24,72,0,2026-07-01T02:00:00Z
USE-0018-0029,CUST-0018,WS-0018,2026-07-02,22,66,0,2026-07-02T02:00:00Z
USE-0018-0030,CUST-0018,WS-0018,2026-07-03,18,108,2,2026-07-03T02:00:00Z
USE-0018-0031,CUST-0018,WS-0018,2026-07-04,22,66,0,2026-07-04T02:00:00Z
USE-0018-0032,CUST-0018,WS-0018,2026-07-05,20,80,1,2026-07-05T02:00:00Z
USE-0018-0033,CUST-0018,WS-0018,2026-07-06,17,51,2,2026-07-06T02:00:00Z
USE-0018-0034,CUST-0018,WS-0018,2026-07-07,22,132,2,2026-07-07T02:00:00Z
USE-0018-0035,CUST-0018,WS-0018,2026-07-08,24,120,2,2026-07-08T02:00:00Z
USE-0018-0036,CUST-0018,WS-0018,2026-07-09,25,75,0,2026-07-09T02:00:00Z
USE-0018-0037,CUST-0018,WS-0018,2026-07-10,23,138,0,2026-07-10T02:00:00Z
USE-0018-0038,CUST-0018,WS-0018,2026-07-11,19,95,0,2026-07-11T02:00:00Z
USE-0018-0039,CUST-0018,WS-0018,2026-07-12,16,64,2,2026-07-12T02:00:00Z
USE-0018-0040,CUST-0018,WS-0018,2026-07-13,18,54,1,2026-07-13T02:00:00Z
USE-0018-0041,CUST-0018,WS-0018,2026-07-14,19,57,0,2026-07-14T02:00:00Z
USE-0018-0042,CUST-0018,WS-0018,2026-07-15,17,85,1,2026-07-15T02:00:00Z
USE-0018-0043,CUST-0018,WS-0018,2026-07-16,21,126,1,2026-07-16T02:00:00Z
USE-0018-0044,CUST-0018,WS-0018,2026-07-17,25,100,2,2026-07-17T02:00:00Z
USE-0018-0045,CUST-0018,WS-0018,2026-07-18,16,48,0,2026-07-18T02:00:00Z
USE-0018-0046,CUST-0018,WS-0018,2026-07-19,24,120,2,2026-07-19T02:00:00Z
USE-0018-0047,CUST-0018,WS-0018,2026-07-20,24,120,1,2026-07-20T02:00:00Z
USE-0018-0048,CUST-0018,WS-0018,2026-07-21,20,80,2,2026-07-21T02:00:00Z
USE-0018-0049,CUST-0018,WS-0018,2026-07-22,19,114,1,2026-07-22T02:00:00Z
USE-0018-0050,CUST-0018,WS-0018,2026-07-23,25,75,1,2026-07-23T02:00:00Z
USE-0018-0051,CUST-0018,WS-0018,2026-07-24,18,108,2,2026-07-24T02:00:00Z
USE-0018-0052,CUST-0018,WS-0018,2026-07-25,17,51,2,2026-07-25T02:00:00Z
USE-0018-0053,CUST-0018,WS-0018,2026-07-26,20,100,0,2026-07-26T02:00:00Z
USE-0018-0054,CUST-0018,WS-0018,2026-07-27,24,120,2,2026-07-27T02:00:00Z
USE-0018-0055,CUST-0018,WS-0018,2026-07-28,25,125,2,2026-07-28T02:00:00Z
USE-0018-0056,CUST-0018,WS-0018,2026-07-29,23,138,2,2026-07-29T02:00:00Z
USE-0018-0057,CUST-0018,WS-0018,2026-07-30,23,92,1,2026-07-30T02:00:00Z
USE-0018-0058,CUST-0018,WS-0018,2026-07-31,23,138,2,2026-07-31T02:00:00Z
USE-0018-0059,CUST-0018,WS-0018,2026-08-01,16,96,0,2026-08-01T02:00:00Z
USE-0018-0060,CUST-0018,WS-0018,2026-08-02,20,60,1,2026-08-02T02:00:00Z
USE-0018-0061,CUST-0018,WS-0018,2026-08-03,19,76,1,2026-08-03T02:00:00Z
USE-0018-0062,CUST-0018,WS-0018,2026-08-04,22,110,2,2026-08-04T02:00:00Z
USE-0018-0063,CUST-0018,WS-0018,2026-08-05,24,72,2,2026-08-05T02:00:00Z
USE-0018-0064,CUST-0018,WS-0018,2026-08-06,20,80,1,2026-08-06T02:00:00Z
USE-0018-0065,CUST-0018,WS-0018,2026-08-07,17,102,2,2026-08-07T02:00:00Z
USE-0018-0066,CUST-0018,WS-0018,2026-08-08,21,63,2,2026-08-08T02:00:00Z
USE-0018-0067,CUST-0018,WS-0018,2026-08-09,18,108,1,2026-08-09T02:00:00Z
USE-0018-0068,CUST-0018,WS-0018,2026-08-10,21,84,2,2026-08-10T02:00:00Z
USE-0018-0069,CUST-0018,WS-0018,2026-08-11,20,80,2,2026-08-11T02:00:00Z
USE-0018-0070,CUST-0018,WS-0018,2026-08-12,19,114,2,2026-08-12T02:00:00Z
USE-0018-0071,CUST-0018,WS-0018,2026-08-13,19,76,2,2026-08-13T02:00:00Z
USE-0018-0072,CUST-0018,WS-0018,2026-08-14,19,95,0,2026-08-14T02:00:00Z
USE-0018-0073,CUST-0018,WS-0018,2026-08-15,19,76,0,2026-08-15T02:00:00Z
USE-0018-0074,CUST-0018,WS-0018,2026-08-16,25,125,0,2026-08-16T02:00:00Z
USE-0018-0075,CUST-0018,WS-0018,2026-08-17,17,51,0,2026-08-17T02:00:00Z
USE-0018-0076,CUST-0018,WS-0018,2026-08-18,23,69,2,2026-08-18T02:00:00Z
USE-0018-0077,CUST-0018,WS-0018,2026-08-19,16,96,1,2026-08-19T02:00:00Z
USE-0018-0078,CUST-0018,WS-0018,2026-08-20,25,125,1,2026-08-20T02:00:00Z
USE-0018-0079,CUST-0018,WS-0018,2026-08-21,25,125,1,2026-08-21T02:00:00Z
USE-0018-0080,CUST-0018,WS-0018,2026-08-22,18,90,1,2026-08-22T02:00:00Z
USE-0018-0081,CUST-0018,WS-0018,2026-08-23,19,76,0,2026-08-23T02:00:00Z
USE-0018-0082,CUST-0018,WS-0018,2026-08-24,24,144,1,2026-08-24T02:00:00Z
USE-0018-0083,CUST-0018,WS-0018,2026-08-25,24,72,2,2026-08-25T02:00:00Z
USE-0018-0084,CUST-0018,WS-0018,2026-08-26,21,126,2,2026-08-26T02:00:00Z
USE-0018-0085,CUST-0018,WS-0018,2026-08-27,18,108,0,2026-08-27T02:00:00Z
USE-0018-0086,CUST-0018,WS-0018,2026-08-28,24,144,1,2026-08-28T02:00:00Z
USE-0018-0087,CUST-0018,WS-0018,2026-08-29,16,48,2,2026-08-29T02:00:00Z
USE-0018-0088,CUST-0018,WS-0018,2026-08-30,19,114,2,2026-08-30T02:00:00Z
USE-0018-0089,CUST-0018,WS-0018,2026-08-31,17,85,1,2026-08-31T02:00:00Z
USE-0018-0090,CUST-0018,WS-0018,2026-09-01,25,125,0,2026-09-01T02:00:00Z
USE-0019-0001,CUST-0019,WS-0019,2026-06-04,21,84,1,2026-06-07T00:00:00Z
USE-0019-0002,CUST-0019,WS-0019,2026-06-05,24,120,1,2026-06-05T02:00:00Z
USE-0019-0003,CUST-0019,WS-0019,2026-06-06,19,114,1,2026-06-06T02:00:00Z
USE-0019-0004,CUST-0019,WS-0019,2026-06-07,20,120,2,2026-06-07T02:00:00Z
USE-0019-0005,CUST-0019,WS-0019,2026-06-08,22,110,1,2026-06-08T02:00:00Z
USE-0019-0006,CUST-0019,WS-0019,2026-06-09,21,126,0,2026-06-09T02:00:00Z
USE-0019-0007,CUST-0019,WS-0019,2026-06-10,26,104,2,2026-06-10T02:00:00Z
USE-0019-0008,CUST-0019,WS-0019,2026-06-11,20,60,2,2026-06-11T02:00:00Z
USE-0019-0009,CUST-0019,WS-0019,2026-06-12,21,84,2,2026-06-12T02:00:00Z
USE-0019-0010,CUST-0019,WS-0019,2026-06-13,23,138,0,2026-06-13T02:00:00Z
USE-0019-0011,CUST-0019,WS-0019,2026-06-14,19,76,1,2026-06-14T02:00:00Z
USE-0019-0012,CUST-0019,WS-0019,2026-06-15,17,68,1,2026-06-15T02:00:00Z
USE-0019-0013,CUST-0019,WS-0019,2026-06-16,24,96,2,2026-06-16T02:00:00Z
USE-0019-0014,CUST-0019,WS-0019,2026-06-17,25,125,1,2026-06-17T02:00:00Z
USE-0019-0015,CUST-0019,WS-0019,2026-06-18,21,105,2,2026-06-18T02:00:00Z
USE-0019-0016,CUST-0019,WS-0019,2026-06-19,26,78,1,2026-06-19T02:00:00Z
USE-0019-0017,CUST-0019,WS-0019,2026-06-20,18,72,0,2026-06-20T02:00:00Z
USE-0019-0018,CUST-0019,WS-0019,2026-06-21,20,100,1,2026-06-24T00:00:00Z
USE-0019-0019,CUST-0019,WS-0019,2026-06-22,18,108,2,2026-06-22T02:00:00Z
USE-0019-0020,CUST-0019,WS-0019,2026-06-23,22,110,1,2026-06-23T02:00:00Z
USE-0019-0021,CUST-0019,WS-0019,2026-06-24,22,110,1,2026-06-24T02:00:00Z
USE-0019-0022,CUST-0019,WS-0019,2026-06-25,17,102,0,2026-06-25T02:00:00Z
USE-0019-0023,CUST-0019,WS-0019,2026-06-26,22,88,2,2026-06-26T02:00:00Z
USE-0019-0024,CUST-0019,WS-0019,2026-06-27,26,104,1,2026-06-27T02:00:00Z
USE-0019-0025,CUST-0019,WS-0019,2026-06-28,22,110,2,2026-06-28T02:00:00Z
USE-0019-0026,CUST-0019,WS-0019,2026-06-29,25,150,2,2026-06-29T02:00:00Z
USE-0019-0027,CUST-0019,WS-0019,2026-06-30,24,72,1,2026-06-30T02:00:00Z
USE-0019-0028,CUST-0019,WS-0019,2026-07-01,26,130,1,2026-07-01T02:00:00Z
USE-0019-0029,CUST-0019,WS-0019,2026-07-02,19,76,2,2026-07-02T02:00:00Z
USE-0019-0030,CUST-0019,WS-0019,2026-07-03,22,132,2,2026-07-03T02:00:00Z
USE-0019-0031,CUST-0019,WS-0019,2026-07-04,26,156,0,2026-07-04T02:00:00Z
USE-0019-0032,CUST-0019,WS-0019,2026-07-05,18,72,1,2026-07-05T02:00:00Z
USE-0019-0033,CUST-0019,WS-0019,2026-07-06,20,100,1,2026-07-06T02:00:00Z
USE-0019-0034,CUST-0019,WS-0019,2026-07-07,21,105,2,2026-07-07T02:00:00Z
USE-0019-0035,CUST-0019,WS-0019,2026-07-08,23,115,1,2026-07-11T00:00:00Z
USE-0019-0036,CUST-0019,WS-0019,2026-07-09,22,132,1,2026-07-09T02:00:00Z
USE-0019-0037,CUST-0019,WS-0019,2026-07-10,19,76,0,2026-07-10T02:00:00Z
USE-0019-0038,CUST-0019,WS-0019,2026-07-11,19,76,2,2026-07-11T02:00:00Z
USE-0019-0039,CUST-0019,WS-0019,2026-07-12,21,63,0,2026-07-12T02:00:00Z
USE-0019-0040,CUST-0019,WS-0019,2026-07-13,19,114,0,2026-07-13T02:00:00Z
USE-0019-0041,CUST-0019,WS-0019,2026-07-14,18,54,1,2026-07-14T02:00:00Z
USE-0019-0042,CUST-0019,WS-0019,2026-07-15,25,75,0,2026-07-15T02:00:00Z
USE-0019-0043,CUST-0019,WS-0019,2026-07-16,23,69,0,2026-07-16T02:00:00Z
USE-0019-0044,CUST-0019,WS-0019,2026-07-17,21,84,0,2026-07-17T02:00:00Z
USE-0019-0045,CUST-0019,WS-0019,2026-07-18,23,115,0,2026-07-18T02:00:00Z
USE-0019-0046,CUST-0019,WS-0019,2026-07-19,20,100,1,2026-07-19T02:00:00Z
USE-0019-0047,CUST-0019,WS-0019,2026-07-20,19,76,2,2026-07-20T02:00:00Z
USE-0019-0048,CUST-0019,WS-0019,2026-07-21,19,57,0,2026-07-21T02:00:00Z
USE-0019-0049,CUST-0019,WS-0019,2026-07-22,22,110,1,2026-07-22T02:00:00Z
USE-0019-0050,CUST-0019,WS-0019,2026-07-23,24,120,2,2026-07-23T02:00:00Z
USE-0019-0051,CUST-0019,WS-0019,2026-07-24,24,96,2,2026-07-24T02:00:00Z
USE-0019-0052,CUST-0019,WS-0019,2026-07-25,25,100,2,2026-07-28T00:00:00Z
USE-0019-0053,CUST-0019,WS-0019,2026-07-26,26,156,2,2026-07-26T02:00:00Z
USE-0019-0054,CUST-0019,WS-0019,2026-07-27,26,156,2,2026-07-27T02:00:00Z
USE-0019-0055,CUST-0019,WS-0019,2026-07-28,25,125,1,2026-07-28T02:00:00Z
USE-0019-0056,CUST-0019,WS-0019,2026-07-29,24,96,0,2026-07-29T02:00:00Z
USE-0019-0057,CUST-0019,WS-0019,2026-07-30,24,120,1,2026-07-30T02:00:00Z
USE-0019-0058,CUST-0019,WS-0019,2026-07-31,23,115,0,2026-07-31T02:00:00Z
USE-0019-0059,CUST-0019,WS-0019,2026-08-01,21,63,0,2026-08-01T02:00:00Z
USE-0019-0060,CUST-0019,WS-0019,2026-08-02,25,100,1,2026-08-02T02:00:00Z
USE-0019-0061,CUST-0019,WS-0019,2026-08-03,21,126,2,2026-08-03T02:00:00Z
USE-0019-0062,CUST-0019,WS-0019,2026-08-04,17,102,1,2026-08-04T02:00:00Z
USE-0019-0063,CUST-0019,WS-0019,2026-08-05,21,63,1,2026-08-05T02:00:00Z
USE-0019-0064,CUST-0019,WS-0019,2026-08-06,21,84,0,2026-08-06T02:00:00Z
USE-0019-0065,CUST-0019,WS-0019,2026-08-07,25,125,0,2026-08-07T02:00:00Z
USE-0019-0066,CUST-0019,WS-0019,2026-08-08,23,138,1,2026-08-08T02:00:00Z
USE-0019-0067,CUST-0019,WS-0019,2026-08-09,20,80,2,2026-08-09T02:00:00Z
USE-0019-0068,CUST-0019,WS-0019,2026-08-10,23,138,0,2026-08-10T02:00:00Z
USE-0019-0069,CUST-0019,WS-0019,2026-08-11,21,63,1,2026-08-14T00:00:00Z
USE-0019-0070,CUST-0019,WS-0019,2026-08-12,20,100,1,2026-08-12T02:00:00Z
USE-0019-0071,CUST-0019,WS-0019,2026-08-13,25,125,1,2026-08-13T02:00:00Z
USE-0019-0072,CUST-0019,WS-0019,2026-08-14,20,60,0,2026-08-14T02:00:00Z
USE-0019-0073,CUST-0019,WS-0019,2026-08-15,19,95,0,2026-08-15T02:00:00Z
USE-0019-0074,CUST-0019,WS-0019,2026-08-16,24,144,1,2026-08-16T02:00:00Z
USE-0019-0075,CUST-0019,WS-0019,2026-08-17,26,156,0,2026-08-17T02:00:00Z
USE-0019-0076,CUST-0019,WS-0019,2026-08-18,22,66,0,2026-08-18T02:00:00Z
USE-0019-0077,CUST-0019,WS-0019,2026-08-19,17,51,0,2026-08-19T02:00:00Z
USE-0019-0078,CUST-0019,WS-0019,2026-08-20,18,90,1,2026-08-20T02:00:00Z
USE-0019-0079,CUST-0019,WS-0019,2026-08-21,19,114,2,2026-08-21T02:00:00Z
USE-0019-0080,CUST-0019,WS-0019,2026-08-22,17,68,0,2026-08-22T02:00:00Z
USE-0019-0081,CUST-0019,WS-0019,2026-08-23,19,57,1,2026-08-23T02:00:00Z
USE-0019-0082,CUST-0019,WS-0019,2026-08-24,20,100,1,2026-08-24T02:00:00Z
USE-0019-0083,CUST-0019,WS-0019,2026-08-25,21,126,1,2026-08-25T02:00:00Z
USE-0019-0084,CUST-0019,WS-0019,2026-08-26,24,72,1,2026-08-26T02:00:00Z
USE-0019-0085,CUST-0019,WS-0019,2026-08-27,18,72,0,2026-08-27T02:00:00Z
USE-0019-0086,CUST-0019,WS-0019,2026-08-28,21,126,0,2026-08-31T00:00:00Z
USE-0019-0087,CUST-0019,WS-0019,2026-08-29,25,150,0,2026-08-29T02:00:00Z
USE-0019-0088,CUST-0019,WS-0019,2026-08-30,20,100,1,2026-08-30T02:00:00Z
USE-0019-0089,CUST-0019,WS-0019,2026-08-31,17,51,2,2026-08-31T02:00:00Z
USE-0019-0090,CUST-0019,WS-0019,2026-09-01,20,120,1,2026-09-01T02:00:00Z
USE-0020-0001,CUST-0020,WS-0020,2026-06-04,18,72,1,2026-06-04T02:00:00Z
USE-0020-0002,CUST-0020,WS-0020,2026-06-05,19,76,1,2026-06-05T02:00:00Z
USE-0020-0003,CUST-0020,WS-0020,2026-06-06,24,120,1,2026-06-06T02:00:00Z
USE-0020-0004,CUST-0020,WS-0020,2026-06-07,20,60,2,2026-06-07T02:00:00Z
USE-0020-0005,CUST-0020,WS-0020,2026-06-08,26,78,1,2026-06-08T02:00:00Z
USE-0020-0006,CUST-0020,WS-0020,2026-06-09,25,125,0,2026-06-09T02:00:00Z
USE-0020-0007,CUST-0020,WS-0020,2026-06-10,23,69,2,2026-06-10T02:00:00Z
USE-0020-0008,CUST-0020,WS-0020,2026-06-11,21,63,0,2026-06-11T02:00:00Z
USE-0020-0009,CUST-0020,WS-0020,2026-06-12,24,120,0,2026-06-12T02:00:00Z
USE-0020-0010,CUST-0020,WS-0020,2026-06-13,20,100,2,2026-06-13T02:00:00Z
USE-0020-0011,CUST-0020,WS-0020,2026-06-14,19,114,0,2026-06-14T02:00:00Z
USE-0020-0012,CUST-0020,WS-0020,2026-06-15,18,54,2,2026-06-15T02:00:00Z
USE-0020-0013,CUST-0020,WS-0020,2026-06-16,25,100,1,2026-06-16T02:00:00Z
USE-0020-0014,CUST-0020,WS-0020,2026-06-17,19,76,0,2026-06-17T02:00:00Z
USE-0020-0015,CUST-0020,WS-0020,2026-06-18,25,75,2,2026-06-18T02:00:00Z
USE-0020-0016,CUST-0020,WS-0020,2026-06-19,27,135,2,2026-06-19T02:00:00Z
USE-0020-0017,CUST-0020,WS-0020,2026-06-20,18,54,1,2026-06-20T02:00:00Z
USE-0020-0018,CUST-0020,WS-0020,2026-06-21,20,60,0,2026-06-21T02:00:00Z
USE-0020-0019,CUST-0020,WS-0020,2026-06-22,25,100,1,2026-06-22T02:00:00Z
USE-0020-0020,CUST-0020,WS-0020,2026-06-23,26,130,1,2026-06-23T02:00:00Z
USE-0020-0021,CUST-0020,WS-0020,2026-06-24,21,63,2,2026-06-24T02:00:00Z
USE-0020-0022,CUST-0020,WS-0020,2026-06-25,24,120,2,2026-06-25T02:00:00Z
USE-0020-0023,CUST-0020,WS-0020,2026-06-26,20,100,0,2026-06-26T02:00:00Z
USE-0020-0024,CUST-0020,WS-0020,2026-06-27,25,150,2,2026-06-27T02:00:00Z
USE-0020-0025,CUST-0020,WS-0020,2026-06-28,22,132,0,2026-06-28T02:00:00Z
USE-0020-0026,CUST-0020,WS-0020,2026-06-29,27,108,2,2026-06-29T02:00:00Z
USE-0020-0027,CUST-0020,WS-0020,2026-06-30,23,115,2,2026-06-30T02:00:00Z
USE-0020-0028,CUST-0020,WS-0020,2026-07-01,25,125,2,2026-07-01T02:00:00Z
USE-0020-0029,CUST-0020,WS-0020,2026-07-02,26,104,0,2026-07-02T02:00:00Z
USE-0020-0030,CUST-0020,WS-0020,2026-07-03,26,104,1,2026-07-03T02:00:00Z
USE-0020-0031,CUST-0020,WS-0020,2026-07-04,22,110,2,2026-07-04T02:00:00Z
USE-0020-0032,CUST-0020,WS-0020,2026-07-05,23,138,0,2026-07-05T02:00:00Z
USE-0020-0033,CUST-0020,WS-0020,2026-07-06,26,156,2,2026-07-06T02:00:00Z
USE-0020-0034,CUST-0020,WS-0020,2026-07-07,20,60,2,2026-07-07T02:00:00Z
USE-0020-0035,CUST-0020,WS-0020,2026-07-08,23,92,1,2026-07-08T02:00:00Z
USE-0020-0036,CUST-0020,WS-0020,2026-07-09,19,114,0,2026-07-09T02:00:00Z
USE-0020-0037,CUST-0020,WS-0020,2026-07-10,26,156,2,2026-07-10T02:00:00Z
USE-0020-0038,CUST-0020,WS-0020,2026-07-11,20,100,1,2026-07-11T02:00:00Z
USE-0020-0039,CUST-0020,WS-0020,2026-07-12,24,120,0,2026-07-12T02:00:00Z
USE-0020-0040,CUST-0020,WS-0020,2026-07-13,19,57,0,2026-07-13T02:00:00Z
USE-0020-0041,CUST-0020,WS-0020,2026-07-14,20,80,0,2026-07-14T02:00:00Z
USE-0020-0042,CUST-0020,WS-0020,2026-07-15,21,63,1,2026-07-15T02:00:00Z
USE-0020-0043,CUST-0020,WS-0020,2026-07-16,21,63,0,2026-07-16T02:00:00Z
USE-0020-0044,CUST-0020,WS-0020,2026-07-17,27,162,2,2026-07-17T02:00:00Z
USE-0020-0045,CUST-0020,WS-0020,2026-07-18,25,125,0,2026-07-18T02:00:00Z
USE-0020-0046,CUST-0020,WS-0020,2026-07-19,23,92,2,2026-07-19T02:00:00Z
USE-0020-0047,CUST-0020,WS-0020,2026-07-20,19,57,0,2026-07-20T02:00:00Z
USE-0020-0048,CUST-0020,WS-0020,2026-07-21,25,75,1,2026-07-21T02:00:00Z
USE-0020-0049,CUST-0020,WS-0020,2026-07-22,18,90,2,2026-07-22T02:00:00Z
USE-0020-0050,CUST-0020,WS-0020,2026-07-23,24,120,2,2026-07-23T02:00:00Z
USE-0020-0051,CUST-0020,WS-0020,2026-07-24,18,90,2,2026-07-24T02:00:00Z
USE-0020-0052,CUST-0020,WS-0020,2026-07-25,18,54,1,2026-07-25T02:00:00Z
USE-0020-0053,CUST-0020,WS-0020,2026-07-26,19,76,2,2026-07-26T02:00:00Z
USE-0020-0054,CUST-0020,WS-0020,2026-07-27,19,57,2,2026-07-27T02:00:00Z
USE-0020-0055,CUST-0020,WS-0020,2026-07-28,21,126,0,2026-07-28T02:00:00Z
USE-0020-0056,CUST-0020,WS-0020,2026-07-29,21,84,2,2026-07-29T02:00:00Z
USE-0020-0057,CUST-0020,WS-0020,2026-07-30,20,120,2,2026-07-30T02:00:00Z
USE-0020-0058,CUST-0020,WS-0020,2026-07-31,19,95,2,2026-07-31T02:00:00Z
USE-0020-0059,CUST-0020,WS-0020,2026-08-01,25,150,0,2026-08-01T02:00:00Z
USE-0020-0060,CUST-0020,WS-0020,2026-08-02,20,80,2,2026-08-02T02:00:00Z
USE-0020-0061,CUST-0020,WS-0020,2026-08-03,24,120,2,2026-08-03T02:00:00Z
USE-0020-0062,CUST-0020,WS-0020,2026-08-04,20,120,1,2026-08-04T02:00:00Z
USE-0020-0063,CUST-0020,WS-0020,2026-08-05,23,115,1,2026-08-05T02:00:00Z
USE-0020-0064,CUST-0020,WS-0020,2026-08-06,24,144,2,2026-08-06T02:00:00Z
USE-0020-0065,CUST-0020,WS-0020,2026-08-07,23,92,2,2026-08-07T02:00:00Z
USE-0020-0066,CUST-0020,WS-0020,2026-08-08,26,104,1,2026-08-08T02:00:00Z
USE-0020-0067,CUST-0020,WS-0020,2026-08-09,26,130,1,2026-08-09T02:00:00Z
USE-0020-0068,CUST-0020,WS-0020,2026-08-10,25,150,1,2026-08-10T02:00:00Z
USE-0020-0069,CUST-0020,WS-0020,2026-08-11,18,54,1,2026-08-11T02:00:00Z
USE-0020-0070,CUST-0020,WS-0020,2026-08-12,27,81,2,2026-08-12T02:00:00Z
USE-0020-0077,CUST-0020,WS-0020,2026-08-19,23,92,0,2026-08-19T02:00:00Z
USE-0020-0078,CUST-0020,WS-0020,2026-08-20,22,110,0,2026-08-20T02:00:00Z
USE-0020-0079,CUST-0020,WS-0020,2026-08-21,27,162,2,2026-08-21T02:00:00Z
USE-0020-0080,CUST-0020,WS-0020,2026-08-22,21,63,2,2026-08-22T02:00:00Z
USE-0020-0081,CUST-0020,WS-0020,2026-08-23,23,138,0,2026-08-23T02:00:00Z
USE-0020-0082,CUST-0020,WS-0020,2026-08-24,25,75,2,2026-08-24T02:00:00Z
USE-0020-0083,CUST-0020,WS-0020,2026-08-25,22,66,2,2026-08-25T02:00:00Z
USE-0020-0084,CUST-0020,WS-0020,2026-08-26,27,162,0,2026-08-26T02:00:00Z
USE-0020-0085,CUST-0020,WS-0020,2026-08-27,18,90,1,2026-08-27T02:00:00Z
USE-0020-0086,CUST-0020,WS-0020,2026-08-28,24,144,0,2026-08-28T02:00:00Z
USE-0020-0087,CUST-0020,WS-0020,2026-08-29,21,63,2,2026-08-29T02:00:00Z
USE-0020-0088,CUST-0020,WS-0020,2026-08-30,24,72,1,2026-08-30T02:00:00Z
USE-0020-0089,CUST-0020,WS-0020,2026-08-31,26,78,1,2026-08-31T02:00:00Z
USE-0020-0090,CUST-0020,WS-0020,2026-09-01,26,104,1,2026-09-01T02:00:00Z
USE-0021-0001,CUST-0021,WS-0021,2026-06-04,44,308,0,2026-06-04T02:00:00Z
USE-0021-0002,CUST-0021,WS-0021,2026-06-05,44,308,0,2026-06-05T02:00:00Z
USE-0021-0003,CUST-0021,WS-0021,2026-06-06,40,280,0,2026-06-06T02:00:00Z
USE-0021-0004,CUST-0021,WS-0021,2026-06-07,38,266,1,2026-06-07T02:00:00Z
USE-0021-0005,CUST-0021,WS-0021,2026-06-08,39,273,1,2026-06-08T02:00:00Z
USE-0021-0006,CUST-0021,WS-0021,2026-06-09,40,280,2,2026-06-09T02:00:00Z
USE-0021-0007,CUST-0021,WS-0021,2026-06-10,41,287,2,2026-06-10T02:00:00Z
USE-0021-0008,CUST-0021,WS-0021,2026-06-11,41,287,2,2026-06-11T02:00:00Z
USE-0021-0009,CUST-0021,WS-0021,2026-06-12,39,273,0,2026-06-12T02:00:00Z
USE-0021-0010,CUST-0021,WS-0021,2026-06-13,39,273,1,2026-06-13T02:00:00Z
USE-0021-0011,CUST-0021,WS-0021,2026-06-14,43,301,1,2026-06-14T02:00:00Z
USE-0021-0012,CUST-0021,WS-0021,2026-06-15,43,301,1,2026-06-15T02:00:00Z
USE-0021-0013,CUST-0021,WS-0021,2026-06-16,40,280,1,2026-06-16T02:00:00Z
USE-0021-0014,CUST-0021,WS-0021,2026-06-17,40,280,2,2026-06-17T02:00:00Z
USE-0021-0015,CUST-0021,WS-0021,2026-06-18,41,287,0,2026-06-18T02:00:00Z
USE-0021-0016,CUST-0021,WS-0021,2026-06-19,39,273,2,2026-06-19T02:00:00Z
USE-0021-0017,CUST-0021,WS-0021,2026-06-20,40,280,0,2026-06-20T02:00:00Z
USE-0021-0018,CUST-0021,WS-0021,2026-06-21,39,273,1,2026-06-21T02:00:00Z
USE-0021-0019,CUST-0021,WS-0021,2026-06-22,38,266,1,2026-06-22T02:00:00Z
USE-0021-0020,CUST-0021,WS-0021,2026-06-23,46,322,2,2026-06-23T02:00:00Z
USE-0021-0021,CUST-0021,WS-0021,2026-06-24,46,322,2,2026-06-24T02:00:00Z
USE-0021-0022,CUST-0021,WS-0021,2026-06-25,40,280,2,2026-06-25T02:00:00Z
USE-0021-0023,CUST-0021,WS-0021,2026-06-26,46,322,2,2026-06-26T02:00:00Z
USE-0021-0024,CUST-0021,WS-0021,2026-06-27,38,266,0,2026-06-27T02:00:00Z
USE-0021-0025,CUST-0021,WS-0021,2026-06-28,42,294,2,2026-06-28T02:00:00Z
USE-0021-0026,CUST-0021,WS-0021,2026-06-29,38,266,2,2026-06-29T02:00:00Z
USE-0021-0027,CUST-0021,WS-0021,2026-06-30,42,294,2,2026-06-30T02:00:00Z
USE-0021-0028,CUST-0021,WS-0021,2026-07-01,42,294,0,2026-07-01T02:00:00Z
USE-0021-0029,CUST-0021,WS-0021,2026-07-02,46,322,1,2026-07-02T02:00:00Z
USE-0021-0030,CUST-0021,WS-0021,2026-07-03,46,322,1,2026-07-03T02:00:00Z
USE-0021-0031,CUST-0021,WS-0021,2026-07-04,46,322,0,2026-07-04T02:00:00Z
USE-0021-0032,CUST-0021,WS-0021,2026-07-05,41,287,0,2026-07-05T02:00:00Z
USE-0021-0033,CUST-0021,WS-0021,2026-07-06,45,315,1,2026-07-06T02:00:00Z
USE-0021-0034,CUST-0021,WS-0021,2026-07-07,43,301,0,2026-07-07T02:00:00Z
USE-0021-0035,CUST-0021,WS-0021,2026-07-08,42,294,2,2026-07-08T02:00:00Z
USE-0021-0036,CUST-0021,WS-0021,2026-07-09,42,294,0,2026-07-09T02:00:00Z
USE-0021-0037,CUST-0021,WS-0021,2026-07-10,42,294,2,2026-07-10T02:00:00Z
USE-0021-0038,CUST-0021,WS-0021,2026-07-11,44,308,1,2026-07-11T02:00:00Z
USE-0021-0039,CUST-0021,WS-0021,2026-07-12,44,308,2,2026-07-12T02:00:00Z
USE-0021-0040,CUST-0021,WS-0021,2026-07-13,41,287,1,2026-07-13T02:00:00Z
USE-0021-0041,CUST-0021,WS-0021,2026-07-14,42,294,1,2026-07-14T02:00:00Z
USE-0021-0042,CUST-0021,WS-0021,2026-07-15,46,322,1,2026-07-15T02:00:00Z
USE-0021-0043,CUST-0021,WS-0021,2026-07-16,40,280,2,2026-07-16T02:00:00Z
USE-0021-0044,CUST-0021,WS-0021,2026-07-17,42,294,0,2026-07-17T02:00:00Z
USE-0021-0045,CUST-0021,WS-0021,2026-07-18,40,280,1,2026-07-18T02:00:00Z
USE-0021-0046,CUST-0021,WS-0021,2026-07-19,39,273,1,2026-07-19T02:00:00Z
USE-0021-0047,CUST-0021,WS-0021,2026-07-20,43,301,0,2026-07-20T02:00:00Z
USE-0021-0048,CUST-0021,WS-0021,2026-07-21,44,308,1,2026-07-21T02:00:00Z
USE-0021-0049,CUST-0021,WS-0021,2026-07-22,42,294,1,2026-07-22T02:00:00Z
USE-0021-0050,CUST-0021,WS-0021,2026-07-23,40,280,0,2026-07-23T02:00:00Z
USE-0021-0051,CUST-0021,WS-0021,2026-07-24,42,294,2,2026-07-24T02:00:00Z
USE-0021-0052,CUST-0021,WS-0021,2026-07-25,41,287,2,2026-07-25T02:00:00Z
USE-0021-0053,CUST-0021,WS-0021,2026-07-26,39,273,1,2026-07-26T02:00:00Z
USE-0021-0054,CUST-0021,WS-0021,2026-07-27,45,315,2,2026-07-27T02:00:00Z
USE-0021-0055,CUST-0021,WS-0021,2026-07-28,45,315,1,2026-07-28T02:00:00Z
USE-0021-0056,CUST-0021,WS-0021,2026-07-29,41,287,0,2026-07-29T02:00:00Z
USE-0021-0057,CUST-0021,WS-0021,2026-07-30,38,266,1,2026-07-30T02:00:00Z
USE-0021-0058,CUST-0021,WS-0021,2026-07-31,41,287,0,2026-07-31T02:00:00Z
USE-0021-0059,CUST-0021,WS-0021,2026-08-01,45,315,0,2026-08-01T02:00:00Z
USE-0021-0060,CUST-0021,WS-0021,2026-08-02,43,301,2,2026-08-02T02:00:00Z
USE-0021-0061,CUST-0021,WS-0021,2026-08-03,44,308,1,2026-08-03T02:00:00Z
USE-0021-0062,CUST-0021,WS-0021,2026-08-04,43,301,2,2026-08-04T02:00:00Z
USE-0021-0063,CUST-0021,WS-0021,2026-08-05,39,273,2,2026-08-05T02:00:00Z
USE-0021-0064,CUST-0021,WS-0021,2026-08-06,41,287,0,2026-08-06T02:00:00Z
USE-0021-0065,CUST-0021,WS-0021,2026-08-07,38,266,2,2026-08-07T02:00:00Z
USE-0021-0066,CUST-0021,WS-0021,2026-08-08,38,266,2,2026-08-08T02:00:00Z
USE-0021-0067,CUST-0021,WS-0021,2026-08-09,44,308,1,2026-08-09T02:00:00Z
USE-0021-0068,CUST-0021,WS-0021,2026-08-10,40,280,1,2026-08-10T02:00:00Z
USE-0021-0069,CUST-0021,WS-0021,2026-08-11,38,266,2,2026-08-11T02:00:00Z
USE-0021-0070,CUST-0021,WS-0021,2026-08-12,45,315,1,2026-08-12T02:00:00Z
USE-0021-0071,CUST-0021,WS-0021,2026-08-13,46,322,0,2026-08-13T02:00:00Z
USE-0021-0072,CUST-0021,WS-0021,2026-08-14,43,301,1,2026-08-14T02:00:00Z
USE-0021-0073,CUST-0021,WS-0021,2026-08-15,45,315,0,2026-08-15T02:00:00Z
USE-0021-0074,CUST-0021,WS-0021,2026-08-16,39,273,1,2026-08-16T02:00:00Z
USE-0021-0075,CUST-0021,WS-0021,2026-08-17,40,280,2,2026-08-17T02:00:00Z
USE-0021-0076,CUST-0021,WS-0021,2026-08-18,45,315,0,2026-08-18T02:00:00Z
USE-0021-0077,CUST-0021,WS-0021,2026-08-19,44,308,2,2026-08-19T02:00:00Z
USE-0021-0078,CUST-0021,WS-0021,2026-08-20,46,322,1,2026-08-20T02:00:00Z
USE-0021-0079,CUST-0021,WS-0021,2026-08-21,43,301,0,2026-08-21T02:00:00Z
USE-0021-0080,CUST-0021,WS-0021,2026-08-22,40,280,0,2026-08-22T02:00:00Z
USE-0021-0081,CUST-0021,WS-0021,2026-08-23,42,294,1,2026-08-23T02:00:00Z
USE-0021-0082,CUST-0021,WS-0021,2026-08-24,40,280,1,2026-08-24T02:00:00Z
USE-0021-0083,CUST-0021,WS-0021,2026-08-25,38,266,0,2026-08-25T02:00:00Z
USE-0021-0084,CUST-0021,WS-0021,2026-08-26,45,315,0,2026-08-26T02:00:00Z
USE-0021-0085,CUST-0021,WS-0021,2026-08-27,38,266,2,2026-08-27T02:00:00Z
USE-0021-0086,CUST-0021,WS-0021,2026-08-28,41,287,0,2026-08-28T02:00:00Z
USE-0021-0087,CUST-0021,WS-0021,2026-08-29,44,308,1,2026-08-29T02:00:00Z
USE-0021-0088,CUST-0021,WS-0021,2026-08-30,38,266,2,2026-08-30T02:00:00Z
USE-0021-0089,CUST-0021,WS-0021,2026-08-31,46,322,2,2026-08-31T02:00:00Z
USE-0021-0090,CUST-0021,WS-0021,2026-09-01,40,280,0,2026-09-01T02:00:00Z
USE-0022-0001,CUST-0022,WS-0022,2026-06-04,25,75,0,2026-06-04T02:00:00Z
USE-0022-0002,CUST-0022,WS-0022,2026-06-05,20,100,1,2026-06-05T02:00:00Z
USE-0022-0003,CUST-0022,WS-0022,2026-06-06,21,63,0,2026-06-06T02:00:00Z
USE-0022-0004,CUST-0022,WS-0022,2026-06-07,26,104,0,2026-06-07T02:00:00Z
USE-0022-0005,CUST-0022,WS-0022,2026-06-08,24,96,1,2026-06-08T02:00:00Z
USE-0022-0006,CUST-0022,WS-0022,2026-06-09,29,145,0,2026-06-09T02:00:00Z
USE-0022-0007,CUST-0022,WS-0022,2026-06-10,21,105,1,2026-06-10T02:00:00Z
USE-0022-0008,CUST-0022,WS-0022,2026-06-11,25,150,0,2026-06-11T02:00:00Z
USE-0022-0009,CUST-0022,WS-0022,2026-06-12,26,78,1,2026-06-12T02:00:00Z
USE-0022-0010,CUST-0022,WS-0022,2026-06-13,27,108,0,2026-06-13T02:00:00Z
USE-0022-0011,CUST-0022,WS-0022,2026-06-14,24,120,2,2026-06-14T02:00:00Z
USE-0022-0012,CUST-0022,WS-0022,2026-06-15,26,104,2,2026-06-15T02:00:00Z
USE-0022-0013,CUST-0022,WS-0022,2026-06-16,23,69,0,2026-06-16T02:00:00Z
USE-0022-0014,CUST-0022,WS-0022,2026-06-17,29,87,1,2026-06-17T02:00:00Z
USE-0022-0015,CUST-0022,WS-0022,2026-06-18,29,145,1,2026-06-18T02:00:00Z
USE-0022-0016,CUST-0022,WS-0022,2026-06-19,29,145,1,2026-06-19T02:00:00Z
USE-0022-0017,CUST-0022,WS-0022,2026-06-20,28,140,0,2026-06-20T02:00:00Z
USE-0022-0018,CUST-0022,WS-0022,2026-06-21,29,174,2,2026-06-21T02:00:00Z
USE-0022-0019,CUST-0022,WS-0022,2026-06-22,27,162,0,2026-06-22T02:00:00Z
USE-0022-0020,CUST-0022,WS-0022,2026-06-23,29,116,2,2026-06-23T02:00:00Z
USE-0022-0021,CUST-0022,WS-0022,2026-06-24,24,96,0,2026-06-24T02:00:00Z
USE-0022-0022,CUST-0022,WS-0022,2026-06-25,21,63,1,2026-06-25T02:00:00Z
USE-0022-0023,CUST-0022,WS-0022,2026-06-26,21,84,2,2026-06-26T02:00:00Z
USE-0022-0024,CUST-0022,WS-0022,2026-06-27,26,156,0,2026-06-27T02:00:00Z
USE-0022-0025,CUST-0022,WS-0022,2026-06-28,25,125,2,2026-06-28T02:00:00Z
USE-0022-0026,CUST-0022,WS-0022,2026-06-29,23,69,2,2026-06-29T02:00:00Z
USE-0022-0027,CUST-0022,WS-0022,2026-06-30,23,115,1,2026-06-30T02:00:00Z
USE-0022-0028,CUST-0022,WS-0022,2026-07-01,21,105,1,2026-07-01T02:00:00Z
USE-0022-0029,CUST-0022,WS-0022,2026-07-02,28,140,0,2026-07-02T02:00:00Z
USE-0022-0030,CUST-0022,WS-0022,2026-07-03,21,105,1,2026-07-03T02:00:00Z
USE-0022-0031,CUST-0022,WS-0022,2026-07-04,26,78,0,2026-07-04T02:00:00Z
USE-0022-0032,CUST-0022,WS-0022,2026-07-05,23,115,1,2026-07-05T02:00:00Z
USE-0022-0033,CUST-0022,WS-0022,2026-07-06,27,162,0,2026-07-06T02:00:00Z
USE-0022-0034,CUST-0022,WS-0022,2026-07-07,22,132,0,2026-07-07T02:00:00Z
USE-0022-0035,CUST-0022,WS-0022,2026-07-08,27,135,1,2026-07-08T02:00:00Z
USE-0022-0036,CUST-0022,WS-0022,2026-07-09,26,78,2,2026-07-09T02:00:00Z
USE-0022-0037,CUST-0022,WS-0022,2026-07-10,24,120,2,2026-07-10T02:00:00Z
USE-0022-0038,CUST-0022,WS-0022,2026-07-11,28,84,0,2026-07-11T02:00:00Z
USE-0022-0039,CUST-0022,WS-0022,2026-07-12,29,145,1,2026-07-12T02:00:00Z
USE-0022-0040,CUST-0022,WS-0022,2026-07-13,21,84,1,2026-07-13T02:00:00Z
USE-0022-0041,CUST-0022,WS-0022,2026-07-14,20,100,1,2026-07-14T02:00:00Z
USE-0022-0042,CUST-0022,WS-0022,2026-07-15,28,112,2,2026-07-15T02:00:00Z
USE-0022-0043,CUST-0022,WS-0022,2026-07-16,29,174,0,2026-07-16T02:00:00Z
USE-0022-0044,CUST-0022,WS-0022,2026-07-17,29,87,1,2026-07-17T02:00:00Z
USE-0022-0045,CUST-0022,WS-0022,2026-07-18,25,75,1,2026-07-18T02:00:00Z
USE-0022-0046,CUST-0022,WS-0022,2026-07-19,26,78,1,2026-07-19T02:00:00Z
USE-0022-0047,CUST-0022,WS-0022,2026-07-20,23,115,1,2026-07-20T02:00:00Z
USE-0022-0048,CUST-0022,WS-0022,2026-07-21,24,96,2,2026-07-21T02:00:00Z
USE-0022-0049,CUST-0022,WS-0022,2026-07-22,24,96,0,2026-07-22T02:00:00Z
USE-0022-0050,CUST-0022,WS-0022,2026-07-23,25,75,0,2026-07-23T02:00:00Z
USE-0022-0051,CUST-0022,WS-0022,2026-07-24,21,126,2,2026-07-24T02:00:00Z
USE-0022-0052,CUST-0022,WS-0022,2026-07-25,20,120,2,2026-07-25T02:00:00Z
USE-0022-0053,CUST-0022,WS-0022,2026-07-26,22,88,1,2026-07-26T02:00:00Z
USE-0022-0054,CUST-0022,WS-0022,2026-07-27,27,135,1,2026-07-27T02:00:00Z
USE-0022-0055,CUST-0022,WS-0022,2026-07-28,22,66,2,2026-07-28T02:00:00Z
USE-0022-0056,CUST-0022,WS-0022,2026-07-29,22,88,2,2026-07-29T02:00:00Z
USE-0022-0057,CUST-0022,WS-0022,2026-07-30,20,120,1,2026-07-30T02:00:00Z
USE-0022-0058,CUST-0022,WS-0022,2026-07-31,28,84,0,2026-07-31T02:00:00Z
USE-0022-0059,CUST-0022,WS-0022,2026-08-01,24,72,2,2026-08-01T02:00:00Z
USE-0022-0060,CUST-0022,WS-0022,2026-08-02,29,87,1,2026-08-02T02:00:00Z
USE-0022-0061,CUST-0022,WS-0022,2026-08-03,27,81,0,2026-08-03T02:00:00Z
USE-0022-0062,CUST-0022,WS-0022,2026-08-04,28,140,0,2026-08-04T02:00:00Z
USE-0022-0063,CUST-0022,WS-0022,2026-08-05,29,145,2,2026-08-05T02:00:00Z
USE-0022-0064,CUST-0022,WS-0022,2026-08-06,23,115,0,2026-08-06T02:00:00Z
USE-0022-0065,CUST-0022,WS-0022,2026-08-07,23,115,1,2026-08-07T02:00:00Z
USE-0022-0066,CUST-0022,WS-0022,2026-08-08,28,140,1,2026-08-08T02:00:00Z
USE-0022-0067,CUST-0022,WS-0022,2026-08-09,21,105,0,2026-08-09T02:00:00Z
USE-0022-0068,CUST-0022,WS-0022,2026-08-10,22,110,0,2026-08-10T02:00:00Z
USE-0022-0069,CUST-0022,WS-0022,2026-08-11,20,60,0,2026-08-11T02:00:00Z
USE-0022-0070,CUST-0022,WS-0022,2026-08-12,28,140,2,2026-08-12T02:00:00Z
USE-0022-0071,CUST-0022,WS-0022,2026-08-13,25,125,0,2026-08-13T02:00:00Z
USE-0022-0072,CUST-0022,WS-0022,2026-08-14,24,96,0,2026-08-14T02:00:00Z
USE-0022-0073,CUST-0022,WS-0022,2026-08-15,21,105,2,2026-08-15T02:00:00Z
USE-0022-0074,CUST-0022,WS-0022,2026-08-16,25,150,0,2026-08-16T02:00:00Z
USE-0022-0075,CUST-0022,WS-0022,2026-08-17,22,66,1,2026-08-17T02:00:00Z
USE-0022-0076,CUST-0022,WS-0022,2026-08-18,20,60,1,2026-08-18T02:00:00Z
USE-0022-0077,CUST-0022,WS-0022,2026-08-19,20,60,1,2026-08-19T02:00:00Z
USE-0022-0078,CUST-0022,WS-0022,2026-08-20,26,104,2,2026-08-20T02:00:00Z
USE-0022-0079,CUST-0022,WS-0022,2026-08-21,29,174,2,2026-08-21T02:00:00Z
USE-0022-0080,CUST-0022,WS-0022,2026-08-22,25,125,1,2026-08-22T02:00:00Z
USE-0022-0081,CUST-0022,WS-0022,2026-08-23,23,69,1,2026-08-23T02:00:00Z
USE-0022-0082,CUST-0022,WS-0022,2026-08-24,29,116,0,2026-08-24T02:00:00Z
USE-0022-0083,CUST-0022,WS-0022,2026-08-25,27,81,1,2026-08-25T02:00:00Z
USE-0022-0084,CUST-0022,WS-0022,2026-08-26,24,144,1,2026-08-26T02:00:00Z
USE-0022-0085,CUST-0022,WS-0022,2026-08-27,23,92,0,2026-08-27T02:00:00Z
USE-0022-0086,CUST-0022,WS-0022,2026-08-28,29,145,1,2026-08-28T02:00:00Z
USE-0022-0087,CUST-0022,WS-0022,2026-08-29,26,104,2,2026-08-29T02:00:00Z
USE-0022-0088,CUST-0022,WS-0022,2026-08-30,25,125,1,2026-08-30T02:00:00Z
USE-0022-0089,CUST-0022,WS-0022,2026-08-31,27,81,0,2026-08-31T02:00:00Z
USE-0022-0090,CUST-0022,WS-0022,2026-09-01,27,81,1,2026-09-01T02:00:00Z
USE-0023-0001,CUST-0023,WS-0023,2026-06-04,28,112,1,2026-06-04T02:00:00Z
USE-0023-0002,CUST-0023,WS-0023,2026-06-05,26,104,2,2026-06-05T02:00:00Z
USE-0023-0003,CUST-0023,WS-0023,2026-06-06,22,132,2,2026-06-06T02:00:00Z
USE-0023-0004,CUST-0023,WS-0023,2026-06-07,22,110,2,2026-06-07T02:00:00Z
USE-0023-0005,CUST-0023,WS-0023,2026-06-08,22,110,2,2026-06-08T02:00:00Z
USE-0023-0006,CUST-0023,WS-0023,2026-06-09,28,168,2,2026-06-09T02:00:00Z
USE-0023-0007,CUST-0023,WS-0023,2026-06-10,27,108,2,2026-06-10T02:00:00Z
USE-0023-0008,CUST-0023,WS-0023,2026-06-11,24,96,1,2026-06-11T02:00:00Z
USE-0023-0009,CUST-0023,WS-0023,2026-06-12,27,81,1,2026-06-12T02:00:00Z
USE-0023-0010,CUST-0023,WS-0023,2026-06-13,24,144,1,2026-06-13T02:00:00Z
USE-0023-0011,CUST-0023,WS-0023,2026-06-14,30,150,2,2026-06-14T02:00:00Z
USE-0023-0012,CUST-0023,WS-0023,2026-06-15,24,96,2,2026-06-15T02:00:00Z
USE-0023-0013,CUST-0023,WS-0023,2026-06-16,22,132,0,2026-06-16T02:00:00Z
USE-0023-0014,CUST-0023,WS-0023,2026-06-17,30,180,1,2026-06-17T02:00:00Z
USE-0023-0015,CUST-0023,WS-0023,2026-06-18,29,87,1,2026-06-18T02:00:00Z
USE-0023-0016,CUST-0023,WS-0023,2026-06-19,23,115,1,2026-06-19T02:00:00Z
USE-0023-0017,CUST-0023,WS-0023,2026-06-20,22,66,2,2026-06-20T02:00:00Z
USE-0023-0018,CUST-0023,WS-0023,2026-06-21,30,180,1,2026-06-21T02:00:00Z
USE-0023-0019,CUST-0023,WS-0023,2026-06-22,28,84,0,2026-06-22T02:00:00Z
USE-0023-0020,CUST-0023,WS-0023,2026-06-23,24,96,2,2026-06-23T02:00:00Z
USE-0023-0021,CUST-0023,WS-0023,2026-06-24,21,84,2,2026-06-24T02:00:00Z
USE-0023-0022,CUST-0023,WS-0023,2026-06-25,23,138,2,2026-06-25T02:00:00Z
USE-0023-0023,CUST-0023,WS-0023,2026-06-26,25,150,2,2026-06-26T02:00:00Z
USE-0023-0024,CUST-0023,WS-0023,2026-06-27,30,180,0,2026-06-27T02:00:00Z
USE-0023-0025,CUST-0023,WS-0023,2026-06-28,24,120,1,2026-06-28T02:00:00Z
USE-0023-0026,CUST-0023,WS-0023,2026-06-29,30,150,1,2026-06-29T02:00:00Z
USE-0023-0027,CUST-0023,WS-0023,2026-06-30,26,78,2,2026-06-30T02:00:00Z
USE-0023-0028,CUST-0023,WS-0023,2026-07-01,21,126,0,2026-07-01T02:00:00Z
USE-0023-0029,CUST-0023,WS-0023,2026-07-02,25,75,1,2026-07-02T02:00:00Z
USE-0023-0030,CUST-0023,WS-0023,2026-07-03,29,87,0,2026-07-03T02:00:00Z
USE-0023-0031,CUST-0023,WS-0023,2026-07-04,29,145,0,2026-07-04T02:00:00Z
USE-0023-0032,CUST-0023,WS-0023,2026-07-05,25,75,0,2026-07-05T02:00:00Z
USE-0023-0033,CUST-0023,WS-0023,2026-07-06,27,162,2,2026-07-06T02:00:00Z
USE-0023-0034,CUST-0023,WS-0023,2026-07-07,26,156,1,2026-07-07T02:00:00Z
USE-0023-0035,CUST-0023,WS-0023,2026-07-08,27,162,2,2026-07-08T02:00:00Z
USE-0023-0036,CUST-0023,WS-0023,2026-07-09,24,96,1,2026-07-09T02:00:00Z
USE-0023-0037,CUST-0023,WS-0023,2026-07-10,23,92,2,2026-07-10T02:00:00Z
USE-0023-0038,CUST-0023,WS-0023,2026-07-11,27,135,1,2026-07-11T02:00:00Z
USE-0023-0039,CUST-0023,WS-0023,2026-07-12,23,115,2,2026-07-12T02:00:00Z
USE-0023-0040,CUST-0023,WS-0023,2026-07-13,23,92,0,2026-07-13T02:00:00Z
USE-0023-0041,CUST-0023,WS-0023,2026-07-14,22,66,0,2026-07-14T02:00:00Z
USE-0023-0042,CUST-0023,WS-0023,2026-07-15,28,168,0,2026-07-15T02:00:00Z
USE-0023-0043,CUST-0023,WS-0023,2026-07-16,22,88,2,2026-07-16T02:00:00Z
USE-0023-0044,CUST-0023,WS-0023,2026-07-17,27,162,2,2026-07-17T02:00:00Z
USE-0023-0045,CUST-0023,WS-0023,2026-07-18,30,180,2,2026-07-18T02:00:00Z
USE-0023-0046,CUST-0023,WS-0023,2026-07-19,23,138,2,2026-07-19T02:00:00Z
USE-0023-0047,CUST-0023,WS-0023,2026-07-20,27,162,1,2026-07-20T02:00:00Z
USE-0023-0048,CUST-0023,WS-0023,2026-07-21,26,104,0,2026-07-21T02:00:00Z
USE-0023-0049,CUST-0023,WS-0023,2026-07-22,27,81,2,2026-07-22T02:00:00Z
USE-0023-0050,CUST-0023,WS-0023,2026-07-23,28,112,2,2026-07-23T02:00:00Z
USE-0023-0051,CUST-0023,WS-0023,2026-07-24,29,145,1,2026-07-24T02:00:00Z
USE-0023-0052,CUST-0023,WS-0023,2026-07-25,29,145,0,2026-07-25T02:00:00Z
USE-0023-0053,CUST-0023,WS-0023,2026-07-26,21,126,2,2026-07-26T02:00:00Z
USE-0023-0054,CUST-0023,WS-0023,2026-07-27,26,78,2,2026-07-27T02:00:00Z
USE-0023-0055,CUST-0023,WS-0023,2026-07-28,28,84,0,2026-07-28T02:00:00Z
USE-0023-0056,CUST-0023,WS-0023,2026-07-29,29,145,1,2026-07-29T02:00:00Z
USE-0023-0057,CUST-0023,WS-0023,2026-07-30,29,87,2,2026-07-30T02:00:00Z
USE-0023-0058,CUST-0023,WS-0023,2026-07-31,30,90,0,2026-07-31T02:00:00Z
USE-0023-0059,CUST-0023,WS-0023,2026-08-01,28,84,2,2026-08-01T02:00:00Z
USE-0023-0060,CUST-0023,WS-0023,2026-08-02,29,145,2,2026-08-02T02:00:00Z
USE-0023-0061,CUST-0023,WS-0023,2026-08-03,0,35,2,2026-08-03T02:00:00Z
USE-0023-0062,CUST-0023,WS-0023,2026-08-04,0,56,1,2026-08-04T02:00:00Z
USE-0023-0063,CUST-0023,WS-0023,2026-08-05,4,104,2,2026-08-05T02:00:00Z
USE-0023-0064,CUST-0023,WS-0023,2026-08-06,1,86,1,2026-08-06T02:00:00Z
USE-0023-0065,CUST-0023,WS-0023,2026-08-07,0,55,0,2026-08-07T02:00:00Z
USE-0023-0066,CUST-0023,WS-0023,2026-08-08,0,35,2,2026-08-08T02:00:00Z
USE-0023-0067,CUST-0023,WS-0023,2026-08-09,5,80,0,2026-08-09T02:00:00Z
USE-0023-0068,CUST-0023,WS-0023,2026-08-10,3,42,2,2026-08-10T02:00:00Z
USE-0023-0069,CUST-0023,WS-0023,2026-08-11,0,35,2,2026-08-11T02:00:00Z
USE-0023-0070,CUST-0023,WS-0023,2026-08-12,5,20,1,2026-08-12T02:00:00Z
USE-0023-0071,CUST-0023,WS-0023,2026-08-13,3,14,0,2026-08-13T02:00:00Z
USE-0023-0072,CUST-0023,WS-0023,2026-08-14,4,17,1,2026-08-14T02:00:00Z
USE-0023-0073,CUST-0023,WS-0023,2026-08-15,0,30,2,2026-08-15T02:00:00Z
USE-0023-0074,CUST-0023,WS-0023,2026-08-16,0,55,1,2026-08-16T02:00:00Z
USE-0023-0075,CUST-0023,WS-0023,2026-08-17,0,0,2,2026-08-17T02:00:00Z
USE-0023-0076,CUST-0023,WS-0023,2026-08-18,0,22,2,2026-08-18T02:00:00Z
USE-0023-0077,CUST-0023,WS-0023,2026-08-19,3,70,0,2026-08-19T02:00:00Z
USE-0023-0078,CUST-0023,WS-0023,2026-08-20,0,30,1,2026-08-20T02:00:00Z
USE-0023-0079,CUST-0023,WS-0023,2026-08-21,0,0,1,2026-08-21T02:00:00Z
USE-0023-0080,CUST-0023,WS-0023,2026-08-22,0,18,2,2026-08-22T02:00:00Z
USE-0023-0081,CUST-0023,WS-0023,2026-08-23,0,68,1,2026-08-23T02:00:00Z
USE-0023-0082,CUST-0023,WS-0023,2026-08-24,2,38,2,2026-08-24T02:00:00Z
USE-0023-0083,CUST-0023,WS-0023,2026-08-25,3,42,0,2026-08-25T02:00:00Z
USE-0023-0084,CUST-0023,WS-0023,2026-08-26,5,80,0,2026-08-26T02:00:00Z
USE-0023-0085,CUST-0023,WS-0023,2026-08-27,0,5,0,2026-08-27T02:00:00Z
USE-0023-0086,CUST-0023,WS-0023,2026-08-28,0,68,1,2026-08-28T02:00:00Z
USE-0023-0087,CUST-0023,WS-0023,2026-08-29,3,70,1,2026-08-29T02:00:00Z
USE-0023-0088,CUST-0023,WS-0023,2026-08-30,4,46,1,2026-08-30T02:00:00Z
USE-0023-0089,CUST-0023,WS-0023,2026-08-31,2,92,1,2026-08-31T02:00:00Z
USE-0023-0090,CUST-0023,WS-0023,2026-09-01,0,68,0,2026-09-01T02:00:00Z
USE-0024-0001,CUST-0024,WS-0024,2026-06-04,29,174,2,2026-06-04T02:00:00Z
USE-0024-0002,CUST-0024,WS-0024,2026-06-05,27,81,0,2026-06-05T02:00:00Z
USE-0024-0003,CUST-0024,WS-0024,2026-06-06,30,150,1,2026-06-06T02:00:00Z
USE-0024-0004,CUST-0024,WS-0024,2026-06-07,31,155,1,2026-06-07T02:00:00Z
USE-0024-0005,CUST-0024,WS-0024,2026-06-08,26,130,0,2026-06-08T02:00:00Z
USE-0024-0006,CUST-0024,WS-0024,2026-06-09,26,156,1,2026-06-09T02:00:00Z
USE-0024-0007,CUST-0024,WS-0024,2026-06-10,25,100,2,2026-06-10T02:00:00Z
USE-0024-0008,CUST-0024,WS-0024,2026-06-11,27,108,1,2026-06-11T02:00:00Z
USE-0024-0009,CUST-0024,WS-0024,2026-06-12,30,90,2,2026-06-12T02:00:00Z
USE-0024-0010,CUST-0024,WS-0024,2026-06-13,22,66,0,2026-06-13T02:00:00Z
USE-0024-0011,CUST-0024,WS-0024,2026-06-14,28,84,2,2026-06-14T02:00:00Z
USE-0024-0012,CUST-0024,WS-0024,2026-06-15,23,138,1,2026-06-15T02:00:00Z
USE-0024-0013,CUST-0024,WS-0024,2026-06-16,25,125,1,2026-06-16T02:00:00Z
USE-0024-0014,CUST-0024,WS-0024,2026-06-17,25,75,0,2026-06-17T02:00:00Z
USE-0024-0015,CUST-0024,WS-0024,2026-06-18,31,93,0,2026-06-18T02:00:00Z
USE-0024-0016,CUST-0024,WS-0024,2026-06-19,31,124,2,2026-06-19T02:00:00Z
USE-0024-0017,CUST-0024,WS-0024,2026-06-20,23,69,0,2026-06-20T02:00:00Z
USE-0024-0018,CUST-0024,WS-0024,2026-06-21,31,124,1,2026-06-21T02:00:00Z
USE-0024-0019,CUST-0024,WS-0024,2026-06-22,31,124,0,2026-06-22T02:00:00Z
USE-0024-0020,CUST-0024,WS-0024,2026-06-23,24,120,1,2026-06-23T02:00:00Z
USE-0024-0021,CUST-0024,WS-0024,2026-06-24,29,87,2,2026-06-24T02:00:00Z
USE-0024-0022,CUST-0024,WS-0024,2026-06-25,29,145,1,2026-06-25T02:00:00Z
USE-0024-0023,CUST-0024,WS-0024,2026-06-26,27,135,0,2026-06-26T02:00:00Z
USE-0024-0024,CUST-0024,WS-0024,2026-06-27,23,115,0,2026-06-27T02:00:00Z
USE-0024-0025,CUST-0024,WS-0024,2026-06-28,28,168,1,2026-06-28T02:00:00Z
USE-0024-0026,CUST-0024,WS-0024,2026-06-29,22,110,1,2026-06-29T02:00:00Z
USE-0024-0027,CUST-0024,WS-0024,2026-06-30,24,144,0,2026-06-30T02:00:00Z
USE-0024-0028,CUST-0024,WS-0024,2026-07-01,29,116,2,2026-07-01T02:00:00Z
USE-0024-0029,CUST-0024,WS-0024,2026-07-02,28,112,2,2026-07-02T02:00:00Z
USE-0024-0030,CUST-0024,WS-0024,2026-07-03,29,87,0,2026-07-03T02:00:00Z
USE-0024-0031,CUST-0024,WS-0024,2026-07-04,30,180,0,2026-07-04T02:00:00Z
USE-0024-0032,CUST-0024,WS-0024,2026-07-05,31,93,1,2026-07-05T02:00:00Z
USE-0024-0033,CUST-0024,WS-0024,2026-07-06,26,78,0,2026-07-06T02:00:00Z
USE-0024-0034,CUST-0024,WS-0024,2026-07-07,23,69,2,2026-07-07T02:00:00Z
USE-0024-0035,CUST-0024,WS-0024,2026-07-08,26,156,0,2026-07-08T02:00:00Z
USE-0024-0036,CUST-0024,WS-0024,2026-07-09,29,116,2,2026-07-09T02:00:00Z
USE-0024-0037,CUST-0024,WS-0024,2026-07-10,22,66,2,2026-07-10T02:00:00Z
USE-0024-0038,CUST-0024,WS-0024,2026-07-11,28,140,0,2026-07-11T02:00:00Z
USE-0024-0039,CUST-0024,WS-0024,2026-07-12,27,162,2,2026-07-12T02:00:00Z
USE-0024-0040,CUST-0024,WS-0024,2026-07-13,22,132,1,2026-07-13T02:00:00Z
USE-0024-0041,CUST-0024,WS-0024,2026-07-14,28,168,2,2026-07-14T02:00:00Z
USE-0024-0042,CUST-0024,WS-0024,2026-07-15,23,92,0,2026-07-15T02:00:00Z
USE-0024-0043,CUST-0024,WS-0024,2026-07-16,28,168,0,2026-07-16T02:00:00Z
USE-0024-0044,CUST-0024,WS-0024,2026-07-17,31,155,1,2026-07-17T02:00:00Z
USE-0024-0045,CUST-0024,WS-0024,2026-07-18,26,156,0,2026-07-18T02:00:00Z
USE-0024-0046,CUST-0024,WS-0024,2026-07-19,23,115,2,2026-07-19T02:00:00Z
USE-0024-0047,CUST-0024,WS-0024,2026-07-20,27,81,1,2026-07-20T02:00:00Z
USE-0024-0048,CUST-0024,WS-0024,2026-07-21,26,104,0,2026-07-21T02:00:00Z
USE-0024-0049,CUST-0024,WS-0024,2026-07-22,30,90,1,2026-07-22T02:00:00Z
USE-0024-0050,CUST-0024,WS-0024,2026-07-23,25,125,2,2026-07-23T02:00:00Z
USE-0024-0051,CUST-0024,WS-0024,2026-07-24,28,84,2,2026-07-24T02:00:00Z
USE-0024-0052,CUST-0024,WS-0024,2026-07-25,27,162,0,2026-07-25T02:00:00Z
USE-0024-0053,CUST-0024,WS-0024,2026-07-26,29,116,0,2026-07-26T02:00:00Z
USE-0024-0054,CUST-0024,WS-0024,2026-07-27,22,88,0,2026-07-27T02:00:00Z
USE-0024-0055,CUST-0024,WS-0024,2026-07-28,31,124,1,2026-07-28T02:00:00Z
USE-0024-0056,CUST-0024,WS-0024,2026-07-29,28,84,2,2026-07-29T02:00:00Z
USE-0024-0057,CUST-0024,WS-0024,2026-07-30,26,156,2,2026-07-30T02:00:00Z
USE-0024-0058,CUST-0024,WS-0024,2026-07-31,29,87,0,2026-07-31T02:00:00Z
USE-0024-0059,CUST-0024,WS-0024,2026-08-01,27,81,1,2026-08-01T02:00:00Z
USE-0024-0060,CUST-0024,WS-0024,2026-08-02,22,132,0,2026-08-02T02:00:00Z
USE-0024-0061,CUST-0024,WS-0024,2026-08-03,25,150,2,2026-08-03T02:00:00Z
USE-0024-0062,CUST-0024,WS-0024,2026-08-04,30,120,2,2026-08-04T02:00:00Z
USE-0024-0063,CUST-0024,WS-0024,2026-08-05,31,124,0,2026-08-05T02:00:00Z
USE-0024-0064,CUST-0024,WS-0024,2026-08-06,22,88,1,2026-08-06T02:00:00Z
USE-0024-0065,CUST-0024,WS-0024,2026-08-07,22,132,2,2026-08-07T02:00:00Z
USE-0024-0066,CUST-0024,WS-0024,2026-08-08,22,88,2,2026-08-08T02:00:00Z
USE-0024-0067,CUST-0024,WS-0024,2026-08-09,24,72,0,2026-08-09T02:00:00Z
USE-0024-0068,CUST-0024,WS-0024,2026-08-10,22,110,0,2026-08-10T02:00:00Z
USE-0024-0069,CUST-0024,WS-0024,2026-08-11,29,116,2,2026-08-11T02:00:00Z
USE-0024-0070,CUST-0024,WS-0024,2026-08-12,23,69,0,2026-08-12T02:00:00Z
USE-0024-0071,CUST-0024,WS-0024,2026-08-13,29,116,0,2026-08-13T02:00:00Z
USE-0024-0072,CUST-0024,WS-0024,2026-08-14,25,150,1,2026-08-14T02:00:00Z
USE-0024-0073,CUST-0024,WS-0024,2026-08-15,28,140,0,2026-08-15T02:00:00Z
USE-0024-0074,CUST-0024,WS-0024,2026-08-16,31,124,1,2026-08-16T02:00:00Z
USE-0024-0075,CUST-0024,WS-0024,2026-08-17,25,75,2,2026-08-17T02:00:00Z
USE-0024-0076,CUST-0024,WS-0024,2026-08-18,24,120,0,2026-08-18T02:00:00Z
USE-0024-0077,CUST-0024,WS-0024,2026-08-19,23,115,0,2026-08-19T02:00:00Z
USE-0024-0078,CUST-0024,WS-0024,2026-08-20,28,112,2,2026-08-20T02:00:00Z
USE-0024-0079,CUST-0024,WS-0024,2026-08-21,27,108,1,2026-08-21T02:00:00Z
USE-0024-0080,CUST-0024,WS-0024,2026-08-22,25,75,0,2026-08-22T02:00:00Z
USE-0024-0081,CUST-0024,WS-0024,2026-08-23,23,138,0,2026-08-23T02:00:00Z
USE-0024-0082,CUST-0024,WS-0024,2026-08-24,22,132,0,2026-08-24T02:00:00Z
USE-0024-0083,CUST-0024,WS-0024,2026-08-25,22,66,0,2026-08-25T02:00:00Z
USE-0024-0084,CUST-0024,WS-0024,2026-08-26,23,115,1,2026-08-26T02:00:00Z
USE-0024-0085,CUST-0024,WS-0024,2026-08-27,29,116,0,2026-08-27T02:00:00Z
USE-0024-0086,CUST-0024,WS-0024,2026-08-28,24,120,2,2026-08-28T02:00:00Z
USE-0024-0087,CUST-0024,WS-0024,2026-08-29,29,174,0,2026-08-29T02:00:00Z
USE-0024-0088,CUST-0024,WS-0024,2026-08-30,24,72,2,2026-08-30T02:00:00Z
USE-0024-0089,CUST-0024,WS-0024,2026-08-31,24,144,2,2026-08-31T02:00:00Z
USE-0024-0090,CUST-0024,WS-0024,2026-09-01,23,115,1,2026-09-01T02:00:00Z
USE-0025-0001,CUST-0025,WS-0025,2026-06-04,23,92,0,2026-06-04T02:00:00Z
USE-0025-0002,CUST-0025,WS-0025,2026-06-05,24,72,2,2026-06-05T02:00:00Z
USE-0025-0003,CUST-0025,WS-0025,2026-06-06,28,112,1,2026-06-06T02:00:00Z
USE-0025-0004,CUST-0025,WS-0025,2026-06-07,26,130,0,2026-06-07T02:00:00Z
USE-0025-0005,CUST-0025,WS-0025,2026-06-08,26,78,0,2026-06-08T02:00:00Z
USE-0025-0006,CUST-0025,WS-0025,2026-06-09,30,180,0,2026-06-09T02:00:00Z
USE-0025-0007,CUST-0025,WS-0025,2026-06-10,25,75,0,2026-06-10T02:00:00Z
USE-0025-0008,CUST-0025,WS-0025,2026-06-11,28,140,0,2026-06-11T02:00:00Z
USE-0025-0009,CUST-0025,WS-0025,2026-06-12,29,145,1,2026-06-12T02:00:00Z
USE-0025-0010,CUST-0025,WS-0025,2026-06-13,32,192,0,2026-06-13T02:00:00Z
USE-0025-0011,CUST-0025,WS-0025,2026-06-14,24,72,2,2026-06-14T02:00:00Z
USE-0025-0012,CUST-0025,WS-0025,2026-06-15,25,100,0,2026-06-15T02:00:00Z
USE-0025-0013,CUST-0025,WS-0025,2026-06-16,30,90,0,2026-06-16T02:00:00Z
USE-0025-0014,CUST-0025,WS-0025,2026-06-17,26,156,2,2026-06-17T02:00:00Z
USE-0025-0015,CUST-0025,WS-0025,2026-06-18,32,160,1,2026-06-18T02:00:00Z
USE-0025-0016,CUST-0025,WS-0025,2026-06-19,26,130,0,2026-06-19T02:00:00Z
USE-0025-0017,CUST-0025,WS-0025,2026-06-20,24,120,0,2026-06-20T02:00:00Z
USE-0025-0018,CUST-0025,WS-0025,2026-06-21,24,96,2,2026-06-21T02:00:00Z
USE-0025-0019,CUST-0025,WS-0025,2026-06-22,29,116,1,2026-06-22T02:00:00Z
USE-0025-0020,CUST-0025,WS-0025,2026-06-23,26,78,1,2026-06-23T02:00:00Z
USE-0025-0021,CUST-0025,WS-0025,2026-06-24,32,192,0,2026-06-24T02:00:00Z
USE-0025-0022,CUST-0025,WS-0025,2026-06-25,29,116,0,2026-06-25T02:00:00Z
USE-0025-0023,CUST-0025,WS-0025,2026-06-26,32,192,0,2026-06-26T02:00:00Z
USE-0025-0024,CUST-0025,WS-0025,2026-06-27,29,145,0,2026-06-27T02:00:00Z
USE-0025-0025,CUST-0025,WS-0025,2026-06-28,30,120,2,2026-06-28T02:00:00Z
USE-0025-0026,CUST-0025,WS-0025,2026-06-29,28,140,0,2026-06-29T02:00:00Z
USE-0025-0027,CUST-0025,WS-0025,2026-06-30,28,112,0,2026-06-30T02:00:00Z
USE-0025-0028,CUST-0025,WS-0025,2026-07-01,32,96,1,2026-07-01T02:00:00Z
USE-0025-0029,CUST-0025,WS-0025,2026-07-02,25,75,1,2026-07-02T02:00:00Z
USE-0025-0030,CUST-0025,WS-0025,2026-07-03,30,180,0,2026-07-03T02:00:00Z
USE-0025-0031,CUST-0025,WS-0025,2026-07-04,28,112,1,2026-07-04T02:00:00Z
USE-0025-0032,CUST-0025,WS-0025,2026-07-05,32,128,2,2026-07-05T02:00:00Z
USE-0025-0033,CUST-0025,WS-0025,2026-07-06,32,128,2,2026-07-06T02:00:00Z
USE-0025-0034,CUST-0025,WS-0025,2026-07-07,31,124,0,2026-07-07T02:00:00Z
USE-0025-0035,CUST-0025,WS-0025,2026-07-08,29,174,0,2026-07-08T02:00:00Z
USE-0025-0036,CUST-0025,WS-0025,2026-07-09,32,192,1,2026-07-09T02:00:00Z
USE-0025-0037,CUST-0025,WS-0025,2026-07-10,27,81,2,2026-07-10T02:00:00Z
USE-0025-0038,CUST-0025,WS-0025,2026-07-11,29,116,0,2026-07-11T02:00:00Z
USE-0025-0039,CUST-0025,WS-0025,2026-07-12,28,168,2,2026-07-12T02:00:00Z
USE-0025-0040,CUST-0025,WS-0025,2026-07-13,26,104,2,2026-07-13T02:00:00Z
USE-0025-0041,CUST-0025,WS-0025,2026-07-14,23,138,0,2026-07-14T02:00:00Z
USE-0025-0042,CUST-0025,WS-0025,2026-07-15,23,138,2,2026-07-15T02:00:00Z
USE-0025-0043,CUST-0025,WS-0025,2026-07-16,31,93,1,2026-07-16T02:00:00Z
USE-0025-0044,CUST-0025,WS-0025,2026-07-17,31,186,1,2026-07-17T02:00:00Z
USE-0025-0045,CUST-0025,WS-0025,2026-07-18,24,144,1,2026-07-18T02:00:00Z
USE-0025-0046,CUST-0025,WS-0025,2026-07-19,26,78,2,2026-07-19T02:00:00Z
USE-0025-0047,CUST-0025,WS-0025,2026-07-20,23,138,0,2026-07-20T02:00:00Z
USE-0025-0048,CUST-0025,WS-0025,2026-07-21,25,125,1,2026-07-21T02:00:00Z
USE-0025-0049,CUST-0025,WS-0025,2026-07-22,26,78,0,2026-07-22T02:00:00Z
USE-0025-0050,CUST-0025,WS-0025,2026-07-23,30,150,0,2026-07-23T02:00:00Z
USE-0025-0051,CUST-0025,WS-0025,2026-07-24,30,90,1,2026-07-24T02:00:00Z
USE-0025-0052,CUST-0025,WS-0025,2026-07-25,30,120,2,2026-07-25T02:00:00Z
USE-0025-0053,CUST-0025,WS-0025,2026-07-26,29,116,1,2026-07-26T02:00:00Z
USE-0025-0054,CUST-0025,WS-0025,2026-07-27,30,90,2,2026-07-27T02:00:00Z
USE-0025-0055,CUST-0025,WS-0025,2026-07-28,24,144,2,2026-07-28T02:00:00Z
USE-0025-0056,CUST-0025,WS-0025,2026-07-29,28,84,1,2026-07-29T02:00:00Z
USE-0025-0057,CUST-0025,WS-0025,2026-07-30,29,145,2,2026-07-30T02:00:00Z
USE-0025-0058,CUST-0025,WS-0025,2026-07-31,32,128,2,2026-07-31T02:00:00Z
USE-0025-0059,CUST-0025,WS-0025,2026-08-01,24,120,2,2026-08-01T02:00:00Z
USE-0025-0060,CUST-0025,WS-0025,2026-08-02,23,115,0,2026-08-02T02:00:00Z
USE-0025-0061,CUST-0025,WS-0025,2026-08-03,24,144,1,2026-08-03T02:00:00Z
USE-0025-0062,CUST-0025,WS-0025,2026-08-04,30,90,1,2026-08-04T02:00:00Z
USE-0025-0063,CUST-0025,WS-0025,2026-08-05,28,112,2,2026-08-05T02:00:00Z
USE-0025-0064,CUST-0025,WS-0025,2026-08-06,31,93,2,2026-08-06T02:00:00Z
USE-0025-0065,CUST-0025,WS-0025,2026-08-07,26,104,1,2026-08-07T02:00:00Z
USE-0025-0066,CUST-0025,WS-0025,2026-08-08,26,78,2,2026-08-08T02:00:00Z
USE-0025-0067,CUST-0025,WS-0025,2026-08-09,30,120,2,2026-08-09T02:00:00Z
USE-0025-0068,CUST-0025,WS-0025,2026-08-10,26,130,1,2026-08-10T02:00:00Z
USE-0025-0069,CUST-0025,WS-0025,2026-08-11,27,162,1,2026-08-11T02:00:00Z
USE-0025-0070,CUST-0025,WS-0025,2026-08-12,23,69,1,2026-08-12T02:00:00Z
USE-0025-0071,CUST-0025,WS-0025,2026-08-13,28,168,1,2026-08-13T02:00:00Z
USE-0025-0072,CUST-0025,WS-0025,2026-08-14,31,93,1,2026-08-14T02:00:00Z
USE-0025-0073,CUST-0025,WS-0025,2026-08-15,31,155,1,2026-08-15T02:00:00Z
USE-0025-0074,CUST-0025,WS-0025,2026-08-16,32,160,2,2026-08-16T02:00:00Z
USE-0025-0075,CUST-0025,WS-0025,2026-08-17,24,96,1,2026-08-17T02:00:00Z
USE-0025-0076,CUST-0025,WS-0025,2026-08-18,24,72,1,2026-08-18T02:00:00Z
USE-0025-0077,CUST-0025,WS-0025,2026-08-19,25,125,0,2026-08-19T02:00:00Z
USE-0025-0078,CUST-0025,WS-0025,2026-08-20,24,96,1,2026-08-20T02:00:00Z
USE-0025-0079,CUST-0025,WS-0025,2026-08-21,24,96,1,2026-08-21T02:00:00Z
USE-0025-0080,CUST-0025,WS-0025,2026-08-22,25,100,2,2026-08-22T02:00:00Z
USE-0025-0081,CUST-0025,WS-0025,2026-08-23,23,115,1,2026-08-23T02:00:00Z
USE-0025-0082,CUST-0025,WS-0025,2026-08-24,31,124,1,2026-08-24T02:00:00Z
USE-0025-0083,CUST-0025,WS-0025,2026-08-25,28,168,1,2026-08-25T02:00:00Z
USE-0025-0084,CUST-0025,WS-0025,2026-08-26,23,115,0,2026-08-26T02:00:00Z
USE-0025-0085,CUST-0025,WS-0025,2026-08-27,24,72,0,2026-08-27T02:00:00Z
USE-0025-0086,CUST-0025,WS-0025,2026-08-28,31,155,1,2026-08-28T02:00:00Z
USE-0025-0087,CUST-0025,WS-0025,2026-08-29,32,160,2,2026-08-29T02:00:00Z
USE-0025-0088,CUST-0025,WS-0025,2026-08-30,28,168,2,2026-08-30T02:00:00Z
USE-0025-0089,CUST-0025,WS-0025,2026-08-31,31,186,1,2026-08-31T02:00:00Z
USE-0025-0090,CUST-0025,WS-0025,2026-09-01,27,108,1,2026-09-01T02:00:00Z
USE-0026-0001,CUST-0026,WS-0026,2026-06-04,28,112,1,2026-06-04T02:00:00Z
USE-0026-0002,CUST-0026,WS-0026,2026-06-05,29,145,0,2026-06-05T02:00:00Z
USE-0026-0003,CUST-0026,WS-0026,2026-06-06,26,130,1,2026-06-06T02:00:00Z
USE-0026-0004,CUST-0026,WS-0026,2026-06-07,31,124,2,2026-06-07T02:00:00Z
USE-0026-0005,CUST-0026,WS-0026,2026-06-08,26,130,0,2026-06-08T02:00:00Z
USE-0026-0006,CUST-0026,WS-0026,2026-06-09,26,104,0,2026-06-09T02:00:00Z
USE-0026-0007,CUST-0026,WS-0026,2026-06-10,27,81,0,2026-06-10T02:00:00Z
USE-0026-0008,CUST-0026,WS-0026,2026-06-11,29,116,1,2026-06-11T02:00:00Z
USE-0026-0009,CUST-0026,WS-0026,2026-06-12,28,140,0,2026-06-12T02:00:00Z
USE-0026-0010,CUST-0026,WS-0026,2026-06-13,27,81,2,2026-06-13T02:00:00Z
USE-0026-0011,CUST-0026,WS-0026,2026-06-14,29,145,0,2026-06-14T02:00:00Z
USE-0026-0012,CUST-0026,WS-0026,2026-06-15,29,174,2,2026-06-15T02:00:00Z
USE-0026-0013,CUST-0026,WS-0026,2026-06-16,26,130,0,2026-06-16T02:00:00Z
USE-0026-0014,CUST-0026,WS-0026,2026-06-17,24,144,1,2026-06-17T02:00:00Z
USE-0026-0015,CUST-0026,WS-0026,2026-06-18,26,156,1,2026-06-18T02:00:00Z
USE-0026-0016,CUST-0026,WS-0026,2026-06-19,26,78,2,2026-06-19T02:00:00Z
USE-0026-0017,CUST-0026,WS-0026,2026-06-20,32,160,2,2026-06-20T02:00:00Z
USE-0026-0018,CUST-0026,WS-0026,2026-06-21,28,168,1,2026-06-21T02:00:00Z
USE-0026-0019,CUST-0026,WS-0026,2026-06-22,33,132,2,2026-06-22T02:00:00Z
USE-0026-0020,CUST-0026,WS-0026,2026-06-23,31,155,2,2026-06-23T02:00:00Z
USE-0026-0021,CUST-0026,WS-0026,2026-06-24,25,150,0,2026-06-24T02:00:00Z
USE-0026-0022,CUST-0026,WS-0026,2026-06-25,26,78,1,2026-06-25T02:00:00Z
USE-0026-0023,CUST-0026,WS-0026,2026-06-26,24,144,2,2026-06-26T02:00:00Z
USE-0026-0024,CUST-0026,WS-0026,2026-06-27,27,162,1,2026-06-27T02:00:00Z
USE-0026-0025,CUST-0026,WS-0026,2026-06-28,25,125,0,2026-06-28T02:00:00Z
USE-0026-0026,CUST-0026,WS-0026,2026-06-29,33,132,2,2026-06-29T02:00:00Z
USE-0026-0027,CUST-0026,WS-0026,2026-06-30,32,128,1,2026-06-30T02:00:00Z
USE-0026-0028,CUST-0026,WS-0026,2026-07-01,27,81,0,2026-07-01T02:00:00Z
USE-0026-0029,CUST-0026,WS-0026,2026-07-02,32,192,2,2026-07-02T02:00:00Z
USE-0026-0030,CUST-0026,WS-0026,2026-07-03,25,150,0,2026-07-03T02:00:00Z
USE-0026-0031,CUST-0026,WS-0026,2026-07-04,31,155,2,2026-07-04T02:00:00Z
USE-0026-0032,CUST-0026,WS-0026,2026-07-05,33,99,2,2026-07-05T02:00:00Z
USE-0026-0033,CUST-0026,WS-0026,2026-07-06,29,174,0,2026-07-06T02:00:00Z
USE-0026-0034,CUST-0026,WS-0026,2026-07-07,30,150,1,2026-07-07T02:00:00Z
USE-0026-0035,CUST-0026,WS-0026,2026-07-08,29,87,1,2026-07-08T02:00:00Z
USE-0026-0036,CUST-0026,WS-0026,2026-07-09,29,145,1,2026-07-09T02:00:00Z
USE-0026-0037,CUST-0026,WS-0026,2026-07-10,31,93,0,2026-07-10T02:00:00Z
USE-0026-0038,CUST-0026,WS-0026,2026-07-11,31,186,1,2026-07-11T02:00:00Z
USE-0026-0039,CUST-0026,WS-0026,2026-07-12,28,112,2,2026-07-12T02:00:00Z
USE-0026-0040,CUST-0026,WS-0026,2026-07-13,30,180,0,2026-07-13T02:00:00Z
USE-0026-0041,CUST-0026,WS-0026,2026-07-14,33,99,0,2026-07-14T02:00:00Z
USE-0026-0042,CUST-0026,WS-0026,2026-07-15,27,135,1,2026-07-15T02:00:00Z
USE-0026-0043,CUST-0026,WS-0026,2026-07-16,32,160,0,2026-07-16T02:00:00Z
USE-0026-0044,CUST-0026,WS-0026,2026-07-17,33,198,0,2026-07-17T02:00:00Z
USE-0026-0045,CUST-0026,WS-0026,2026-07-18,24,144,2,2026-07-18T02:00:00Z
USE-0026-0046,CUST-0026,WS-0026,2026-07-19,28,168,0,2026-07-19T02:00:00Z
USE-0026-0047,CUST-0026,WS-0026,2026-07-20,32,192,2,2026-07-20T02:00:00Z
USE-0026-0048,CUST-0026,WS-0026,2026-07-21,33,132,0,2026-07-21T02:00:00Z
USE-0026-0049,CUST-0026,WS-0026,2026-07-22,26,156,1,2026-07-22T02:00:00Z
USE-0026-0050,CUST-0026,WS-0026,2026-07-23,32,192,0,2026-07-23T02:00:00Z
USE-0026-0051,CUST-0026,WS-0026,2026-07-24,28,140,1,2026-07-24T02:00:00Z
USE-0026-0052,CUST-0026,WS-0026,2026-07-25,32,192,0,2026-07-25T02:00:00Z
USE-0026-0053,CUST-0026,WS-0026,2026-07-26,24,72,0,2026-07-26T02:00:00Z
USE-0026-0054,CUST-0026,WS-0026,2026-07-27,28,140,2,2026-07-27T02:00:00Z
USE-0026-0055,CUST-0026,WS-0026,2026-07-28,31,93,2,2026-07-28T02:00:00Z
USE-0026-0056,CUST-0026,WS-0026,2026-07-29,28,168,0,2026-07-29T02:00:00Z
USE-0026-0057,CUST-0026,WS-0026,2026-07-30,31,124,0,2026-07-30T02:00:00Z
USE-0026-0058,CUST-0026,WS-0026,2026-07-31,25,125,1,2026-07-31T02:00:00Z
USE-0026-0059,CUST-0026,WS-0026,2026-08-01,25,125,2,2026-08-01T02:00:00Z
USE-0026-0060,CUST-0026,WS-0026,2026-08-02,31,186,1,2026-08-02T02:00:00Z
USE-0026-0061,CUST-0026,WS-0026,2026-08-03,31,93,1,2026-08-03T02:00:00Z
USE-0026-0062,CUST-0026,WS-0026,2026-08-04,32,96,1,2026-08-04T02:00:00Z
USE-0026-0063,CUST-0026,WS-0026,2026-08-05,26,78,0,2026-08-05T02:00:00Z
USE-0026-0064,CUST-0026,WS-0026,2026-08-06,29,174,2,2026-08-06T02:00:00Z
USE-0026-0065,CUST-0026,WS-0026,2026-08-07,26,130,0,2026-08-07T02:00:00Z
USE-0026-0066,CUST-0026,WS-0026,2026-08-08,24,120,1,2026-08-08T02:00:00Z
USE-0026-0067,CUST-0026,WS-0026,2026-08-09,30,150,0,2026-08-09T02:00:00Z
USE-0026-0068,CUST-0026,WS-0026,2026-08-10,28,140,2,2026-08-10T02:00:00Z
USE-0026-0069,CUST-0026,WS-0026,2026-08-11,25,100,2,2026-08-11T02:00:00Z
USE-0026-0070,CUST-0026,WS-0026,2026-08-12,26,78,2,2026-08-12T02:00:00Z
USE-0026-0071,CUST-0026,WS-0026,2026-08-13,26,130,1,2026-08-13T02:00:00Z
USE-0026-0072,CUST-0026,WS-0026,2026-08-14,28,140,2,2026-08-14T02:00:00Z
USE-0026-0073,CUST-0026,WS-0026,2026-08-15,29,87,2,2026-08-15T02:00:00Z
USE-0026-0074,CUST-0026,WS-0026,2026-08-16,33,165,0,2026-08-16T02:00:00Z
USE-0026-0075,CUST-0026,WS-0026,2026-08-17,24,96,2,2026-08-17T02:00:00Z
USE-0026-0076,CUST-0026,WS-0026,2026-08-18,28,140,1,2026-08-18T02:00:00Z
USE-0026-0077,CUST-0026,WS-0026,2026-08-19,30,150,0,2026-08-19T02:00:00Z
USE-0026-0078,CUST-0026,WS-0026,2026-08-20,25,100,0,2026-08-20T02:00:00Z
USE-0026-0079,CUST-0026,WS-0026,2026-08-21,32,128,0,2026-08-21T02:00:00Z
USE-0026-0080,CUST-0026,WS-0026,2026-08-22,32,96,1,2026-08-22T02:00:00Z
USE-0026-0081,CUST-0026,WS-0026,2026-08-23,31,93,0,2026-08-23T02:00:00Z
USE-0026-0082,CUST-0026,WS-0026,2026-08-24,26,78,1,2026-08-24T02:00:00Z
USE-0026-0083,CUST-0026,WS-0026,2026-08-25,29,145,2,2026-08-25T02:00:00Z
USE-0026-0084,CUST-0026,WS-0026,2026-08-26,29,116,1,2026-08-26T02:00:00Z
USE-0026-0085,CUST-0026,WS-0026,2026-08-27,33,165,0,2026-08-27T02:00:00Z
USE-0026-0086,CUST-0026,WS-0026,2026-08-28,28,84,2,2026-08-28T02:00:00Z
USE-0026-0087,CUST-0026,WS-0026,2026-08-29,25,100,0,2026-08-29T02:00:00Z
USE-0026-0088,CUST-0026,WS-0026,2026-08-30,26,104,1,2026-08-30T02:00:00Z
USE-0026-0089,CUST-0026,WS-0026,2026-08-31,26,104,0,2026-08-31T02:00:00Z
USE-0026-0090,CUST-0026,WS-0026,2026-09-01,25,150,2,2026-09-01T02:00:00Z
USE-0027-0001,CUST-0027,WS-0027,2026-06-04,26,78,1,2026-06-04T02:00:00Z
USE-0027-0002,CUST-0027,WS-0027,2026-06-05,31,93,0,2026-06-05T02:00:00Z
USE-0027-0003,CUST-0027,WS-0027,2026-06-06,26,78,2,2026-06-06T02:00:00Z
USE-0027-0004,CUST-0027,WS-0027,2026-06-07,33,99,1,2026-06-07T02:00:00Z
USE-0027-0005,CUST-0027,WS-0027,2026-06-08,26,130,0,2026-06-08T02:00:00Z
USE-0027-0006,CUST-0027,WS-0027,2026-06-09,26,130,2,2026-06-09T02:00:00Z
USE-0027-0007,CUST-0027,WS-0027,2026-06-10,25,75,0,2026-06-10T02:00:00Z
USE-0027-0008,CUST-0027,WS-0027,2026-06-11,34,136,2,2026-06-11T02:00:00Z
USE-0027-0009,CUST-0027,WS-0027,2026-06-12,28,112,2,2026-06-12T02:00:00Z
USE-0027-0010,CUST-0027,WS-0027,2026-06-13,30,90,0,2026-06-13T02:00:00Z
USE-0027-0011,CUST-0027,WS-0027,2026-06-14,27,135,2,2026-06-14T02:00:00Z
USE-0027-0012,CUST-0027,WS-0027,2026-06-15,30,150,0,2026-06-15T02:00:00Z
USE-0027-0013,CUST-0027,WS-0027,2026-06-16,33,132,2,2026-06-16T02:00:00Z
USE-0027-0014,CUST-0027,WS-0027,2026-06-17,34,102,0,2026-06-17T02:00:00Z
USE-0027-0015,CUST-0027,WS-0027,2026-06-18,34,102,2,2026-06-18T02:00:00Z
USE-0027-0016,CUST-0027,WS-0027,2026-06-19,28,112,1,2026-06-19T02:00:00Z
USE-0027-0017,CUST-0027,WS-0027,2026-06-20,27,81,2,2026-06-20T02:00:00Z
USE-0027-0018,CUST-0027,WS-0027,2026-06-21,26,104,2,2026-06-21T02:00:00Z
USE-0027-0019,CUST-0027,WS-0027,2026-06-22,32,160,2,2026-06-22T02:00:00Z
USE-0027-0020,CUST-0027,WS-0027,2026-06-23,34,136,1,2026-06-23T02:00:00Z
USE-0027-0021,CUST-0027,WS-0027,2026-06-24,26,104,1,2026-06-24T02:00:00Z
USE-0027-0022,CUST-0027,WS-0027,2026-06-25,31,186,0,2026-06-25T02:00:00Z
USE-0027-0023,CUST-0027,WS-0027,2026-06-26,33,132,1,2026-06-26T02:00:00Z
USE-0027-0024,CUST-0027,WS-0027,2026-06-27,26,130,0,2026-06-27T02:00:00Z
USE-0027-0025,CUST-0027,WS-0027,2026-06-28,32,96,2,2026-06-28T02:00:00Z
USE-0027-0026,CUST-0027,WS-0027,2026-06-29,27,162,1,2026-06-29T02:00:00Z
USE-0027-0027,CUST-0027,WS-0027,2026-06-30,29,87,0,2026-06-30T02:00:00Z
USE-0027-0028,CUST-0027,WS-0027,2026-07-01,30,180,0,2026-07-01T02:00:00Z
USE-0027-0029,CUST-0027,WS-0027,2026-07-02,31,155,1,2026-07-02T02:00:00Z
USE-0027-0030,CUST-0027,WS-0027,2026-07-03,34,170,2,2026-07-03T02:00:00Z
USE-0027-0031,CUST-0027,WS-0027,2026-07-04,32,128,2,2026-07-04T02:00:00Z
USE-0027-0032,CUST-0027,WS-0027,2026-07-05,31,155,1,2026-07-05T02:00:00Z
USE-0027-0033,CUST-0027,WS-0027,2026-07-06,28,84,1,2026-07-06T02:00:00Z
USE-0027-0034,CUST-0027,WS-0027,2026-07-07,30,120,0,2026-07-07T02:00:00Z
USE-0027-0035,CUST-0027,WS-0027,2026-07-08,32,96,1,2026-07-08T02:00:00Z
USE-0027-0036,CUST-0027,WS-0027,2026-07-09,32,96,0,2026-07-09T02:00:00Z
USE-0027-0037,CUST-0027,WS-0027,2026-07-10,27,162,1,2026-07-10T02:00:00Z
USE-0027-0038,CUST-0027,WS-0027,2026-07-11,34,102,2,2026-07-11T02:00:00Z
USE-0027-0039,CUST-0027,WS-0027,2026-07-12,27,81,1,2026-07-12T02:00:00Z
USE-0027-0040,CUST-0027,WS-0027,2026-07-13,28,140,0,2026-07-13T02:00:00Z
USE-0027-0041,CUST-0027,WS-0027,2026-07-14,34,204,0,2026-07-14T02:00:00Z
USE-0027-0042,CUST-0027,WS-0027,2026-07-15,28,168,2,2026-07-15T02:00:00Z
USE-0027-0043,CUST-0027,WS-0027,2026-07-16,32,160,2,2026-07-16T02:00:00Z
USE-0027-0044,CUST-0027,WS-0027,2026-07-17,34,170,2,2026-07-17T02:00:00Z
USE-0027-0045,CUST-0027,WS-0027,2026-07-18,31,155,1,2026-07-18T02:00:00Z
USE-0027-0046,CUST-0027,WS-0027,2026-07-19,34,204,1,2026-07-19T02:00:00Z
USE-0027-0047,CUST-0027,WS-0027,2026-07-20,33,165,0,2026-07-20T02:00:00Z
USE-0027-0048,CUST-0027,WS-0027,2026-07-21,32,96,0,2026-07-21T02:00:00Z
USE-0027-0049,CUST-0027,WS-0027,2026-07-22,29,174,1,2026-07-22T02:00:00Z
USE-0027-0050,CUST-0027,WS-0027,2026-07-23,28,112,0,2026-07-23T02:00:00Z
USE-0027-0051,CUST-0027,WS-0027,2026-07-24,26,78,0,2026-07-24T02:00:00Z
USE-0027-0052,CUST-0027,WS-0027,2026-07-25,32,96,0,2026-07-25T02:00:00Z
USE-0027-0053,CUST-0027,WS-0027,2026-07-26,31,155,0,2026-07-26T02:00:00Z
USE-0027-0054,CUST-0027,WS-0027,2026-07-27,29,87,0,2026-07-27T02:00:00Z
USE-0027-0055,CUST-0027,WS-0027,2026-07-28,33,198,1,2026-07-28T02:00:00Z
USE-0027-0056,CUST-0027,WS-0027,2026-07-29,28,140,2,2026-07-29T02:00:00Z
USE-0027-0057,CUST-0027,WS-0027,2026-07-30,32,192,2,2026-07-30T02:00:00Z
USE-0027-0058,CUST-0027,WS-0027,2026-07-31,29,145,2,2026-07-31T02:00:00Z
USE-0027-0059,CUST-0027,WS-0027,2026-08-01,33,99,0,2026-08-01T02:00:00Z
USE-0027-0060,CUST-0027,WS-0027,2026-08-02,31,93,1,2026-08-02T02:00:00Z
USE-0027-0061,CUST-0027,WS-0027,2026-08-03,32,160,1,2026-08-03T02:00:00Z
USE-0027-0062,CUST-0027,WS-0027,2026-08-04,32,192,0,2026-08-04T02:00:00Z
USE-0027-0063,CUST-0027,WS-0027,2026-08-05,25,100,2,2026-08-05T02:00:00Z
USE-0027-0064,CUST-0027,WS-0027,2026-08-06,29,116,1,2026-08-06T02:00:00Z
USE-0027-0065,CUST-0027,WS-0027,2026-08-07,31,124,1,2026-08-07T02:00:00Z
USE-0027-0066,CUST-0027,WS-0027,2026-08-08,31,186,0,2026-08-08T02:00:00Z
USE-0027-0067,CUST-0027,WS-0027,2026-08-09,34,204,2,2026-08-09T02:00:00Z
USE-0027-0068,CUST-0027,WS-0027,2026-08-10,33,198,1,2026-08-10T02:00:00Z
USE-0027-0069,CUST-0027,WS-0027,2026-08-11,33,132,2,2026-08-11T02:00:00Z
USE-0027-0070,CUST-0027,WS-0027,2026-08-12,25,150,1,2026-08-12T02:00:00Z
USE-0027-0077,CUST-0027,WS-0027,2026-08-19,31,155,1,2026-08-19T02:00:00Z
USE-0027-0078,CUST-0027,WS-0027,2026-08-20,31,155,0,2026-08-20T02:00:00Z
USE-0027-0079,CUST-0027,WS-0027,2026-08-21,28,112,0,2026-08-21T02:00:00Z
USE-0027-0080,CUST-0027,WS-0027,2026-08-22,29,87,2,2026-08-22T02:00:00Z
USE-0027-0081,CUST-0027,WS-0027,2026-08-23,26,130,0,2026-08-23T02:00:00Z
USE-0027-0082,CUST-0027,WS-0027,2026-08-24,30,120,0,2026-08-24T02:00:00Z
USE-0027-0083,CUST-0027,WS-0027,2026-08-25,33,165,0,2026-08-25T02:00:00Z
USE-0027-0084,CUST-0027,WS-0027,2026-08-26,32,192,2,2026-08-26T02:00:00Z
USE-0027-0085,CUST-0027,WS-0027,2026-08-27,33,198,1,2026-08-27T02:00:00Z
USE-0027-0086,CUST-0027,WS-0027,2026-08-28,25,150,2,2026-08-28T02:00:00Z
USE-0027-0087,CUST-0027,WS-0027,2026-08-29,25,125,1,2026-08-29T02:00:00Z
USE-0027-0088,CUST-0027,WS-0027,2026-08-30,34,204,1,2026-08-30T02:00:00Z
USE-0027-0089,CUST-0027,WS-0027,2026-08-31,34,102,1,2026-08-31T02:00:00Z
USE-0027-0090,CUST-0027,WS-0027,2026-09-01,26,104,1,2026-09-01T02:00:00Z
USE-0028-0001,CUST-0028,WS-0028,2026-06-04,49,343,0,2026-06-04T02:00:00Z
USE-0028-0002,CUST-0028,WS-0028,2026-06-05,52,364,0,2026-06-05T02:00:00Z
USE-0028-0003,CUST-0028,WS-0028,2026-06-06,49,343,1,2026-06-06T02:00:00Z
USE-0028-0004,CUST-0028,WS-0028,2026-06-07,51,357,2,2026-06-07T02:00:00Z
USE-0028-0005,CUST-0028,WS-0028,2026-06-08,46,322,2,2026-06-08T02:00:00Z
USE-0028-0006,CUST-0028,WS-0028,2026-06-09,46,322,1,2026-06-09T02:00:00Z
USE-0028-0007,CUST-0028,WS-0028,2026-06-10,48,336,1,2026-06-10T02:00:00Z
USE-0028-0008,CUST-0028,WS-0028,2026-06-11,49,343,2,2026-06-11T02:00:00Z
USE-0028-0009,CUST-0028,WS-0028,2026-06-12,53,371,1,2026-06-12T02:00:00Z
USE-0028-0010,CUST-0028,WS-0028,2026-06-13,51,357,1,2026-06-13T02:00:00Z
USE-0028-0011,CUST-0028,WS-0028,2026-06-14,53,371,2,2026-06-14T02:00:00Z
USE-0028-0012,CUST-0028,WS-0028,2026-06-15,53,371,2,2026-06-15T02:00:00Z
USE-0028-0013,CUST-0028,WS-0028,2026-06-16,52,364,0,2026-06-16T02:00:00Z
USE-0028-0014,CUST-0028,WS-0028,2026-06-17,45,315,2,2026-06-17T02:00:00Z
USE-0028-0015,CUST-0028,WS-0028,2026-06-18,52,364,1,2026-06-18T02:00:00Z
USE-0028-0016,CUST-0028,WS-0028,2026-06-19,49,343,0,2026-06-19T02:00:00Z
USE-0028-0017,CUST-0028,WS-0028,2026-06-20,46,322,1,2026-06-20T02:00:00Z
USE-0028-0018,CUST-0028,WS-0028,2026-06-21,49,343,1,2026-06-21T02:00:00Z
USE-0028-0019,CUST-0028,WS-0028,2026-06-22,48,336,2,2026-06-22T02:00:00Z
USE-0028-0020,CUST-0028,WS-0028,2026-06-23,47,329,0,2026-06-23T02:00:00Z
USE-0028-0021,CUST-0028,WS-0028,2026-06-24,49,343,0,2026-06-24T02:00:00Z
USE-0028-0022,CUST-0028,WS-0028,2026-06-25,51,357,2,2026-06-25T02:00:00Z
USE-0028-0023,CUST-0028,WS-0028,2026-06-26,47,329,0,2026-06-26T02:00:00Z
USE-0028-0024,CUST-0028,WS-0028,2026-06-27,49,343,0,2026-06-27T02:00:00Z
USE-0028-0025,CUST-0028,WS-0028,2026-06-28,45,315,2,2026-06-28T02:00:00Z
USE-0028-0026,CUST-0028,WS-0028,2026-06-29,46,322,0,2026-06-29T02:00:00Z
USE-0028-0027,CUST-0028,WS-0028,2026-06-30,51,357,0,2026-06-30T02:00:00Z
USE-0028-0028,CUST-0028,WS-0028,2026-07-01,47,329,1,2026-07-01T02:00:00Z
USE-0028-0029,CUST-0028,WS-0028,2026-07-02,53,371,2,2026-07-02T02:00:00Z
USE-0028-0030,CUST-0028,WS-0028,2026-07-03,46,322,1,2026-07-03T02:00:00Z
USE-0028-0031,CUST-0028,WS-0028,2026-07-04,50,350,1,2026-07-04T02:00:00Z
USE-0028-0032,CUST-0028,WS-0028,2026-07-05,48,336,2,2026-07-05T02:00:00Z
USE-0028-0033,CUST-0028,WS-0028,2026-07-06,46,322,0,2026-07-06T02:00:00Z
USE-0028-0034,CUST-0028,WS-0028,2026-07-07,52,364,1,2026-07-07T02:00:00Z
USE-0028-0035,CUST-0028,WS-0028,2026-07-08,45,315,2,2026-07-08T02:00:00Z
USE-0028-0036,CUST-0028,WS-0028,2026-07-09,46,322,2,2026-07-09T02:00:00Z
USE-0028-0037,CUST-0028,WS-0028,2026-07-10,48,336,1,2026-07-10T02:00:00Z
USE-0028-0038,CUST-0028,WS-0028,2026-07-11,52,364,1,2026-07-11T02:00:00Z
USE-0028-0039,CUST-0028,WS-0028,2026-07-12,45,315,0,2026-07-12T02:00:00Z
USE-0028-0040,CUST-0028,WS-0028,2026-07-13,53,371,1,2026-07-13T02:00:00Z
USE-0028-0041,CUST-0028,WS-0028,2026-07-14,50,350,2,2026-07-14T02:00:00Z
USE-0028-0042,CUST-0028,WS-0028,2026-07-15,51,357,1,2026-07-15T02:00:00Z
USE-0028-0043,CUST-0028,WS-0028,2026-07-16,49,343,1,2026-07-16T02:00:00Z
USE-0028-0044,CUST-0028,WS-0028,2026-07-17,48,336,1,2026-07-17T02:00:00Z
USE-0028-0045,CUST-0028,WS-0028,2026-07-18,50,350,2,2026-07-18T02:00:00Z
USE-0028-0046,CUST-0028,WS-0028,2026-07-19,46,322,1,2026-07-19T02:00:00Z
USE-0028-0047,CUST-0028,WS-0028,2026-07-20,51,357,2,2026-07-20T02:00:00Z
USE-0028-0048,CUST-0028,WS-0028,2026-07-21,47,329,0,2026-07-21T02:00:00Z
USE-0028-0049,CUST-0028,WS-0028,2026-07-22,51,357,1,2026-07-22T02:00:00Z
USE-0028-0050,CUST-0028,WS-0028,2026-07-23,45,315,1,2026-07-23T02:00:00Z
USE-0028-0051,CUST-0028,WS-0028,2026-07-24,52,364,2,2026-07-24T02:00:00Z
USE-0028-0052,CUST-0028,WS-0028,2026-07-25,48,336,1,2026-07-25T02:00:00Z
USE-0028-0053,CUST-0028,WS-0028,2026-07-26,46,322,2,2026-07-26T02:00:00Z
USE-0028-0054,CUST-0028,WS-0028,2026-07-27,53,371,0,2026-07-27T02:00:00Z
USE-0028-0055,CUST-0028,WS-0028,2026-07-28,52,364,1,2026-07-28T02:00:00Z
USE-0028-0056,CUST-0028,WS-0028,2026-07-29,47,329,1,2026-07-29T02:00:00Z
USE-0028-0057,CUST-0028,WS-0028,2026-07-30,48,336,1,2026-07-30T02:00:00Z
USE-0028-0058,CUST-0028,WS-0028,2026-07-31,47,329,1,2026-07-31T02:00:00Z
USE-0028-0059,CUST-0028,WS-0028,2026-08-01,48,336,2,2026-08-01T02:00:00Z
USE-0028-0060,CUST-0028,WS-0028,2026-08-02,48,336,2,2026-08-02T02:00:00Z
USE-0028-0061,CUST-0028,WS-0028,2026-08-03,49,343,0,2026-08-03T02:00:00Z
USE-0028-0062,CUST-0028,WS-0028,2026-08-04,51,357,1,2026-08-04T02:00:00Z
USE-0028-0063,CUST-0028,WS-0028,2026-08-05,46,322,0,2026-08-05T02:00:00Z
USE-0028-0064,CUST-0028,WS-0028,2026-08-06,46,322,2,2026-08-06T02:00:00Z
USE-0028-0065,CUST-0028,WS-0028,2026-08-07,52,364,1,2026-08-07T02:00:00Z
USE-0028-0066,CUST-0028,WS-0028,2026-08-08,48,336,2,2026-08-08T02:00:00Z
USE-0028-0067,CUST-0028,WS-0028,2026-08-09,52,364,1,2026-08-09T02:00:00Z
USE-0028-0068,CUST-0028,WS-0028,2026-08-10,48,336,1,2026-08-10T02:00:00Z
USE-0028-0069,CUST-0028,WS-0028,2026-08-11,48,336,1,2026-08-11T02:00:00Z
USE-0028-0070,CUST-0028,WS-0028,2026-08-12,47,329,1,2026-08-12T02:00:00Z
USE-0028-0071,CUST-0028,WS-0028,2026-08-13,48,336,1,2026-08-13T02:00:00Z
USE-0028-0072,CUST-0028,WS-0028,2026-08-14,50,350,0,2026-08-14T02:00:00Z
USE-0028-0073,CUST-0028,WS-0028,2026-08-15,45,315,0,2026-08-15T02:00:00Z
USE-0028-0074,CUST-0028,WS-0028,2026-08-16,51,357,1,2026-08-16T02:00:00Z
USE-0028-0075,CUST-0028,WS-0028,2026-08-17,51,357,2,2026-08-17T02:00:00Z
USE-0028-0076,CUST-0028,WS-0028,2026-08-18,46,322,0,2026-08-18T02:00:00Z
USE-0028-0077,CUST-0028,WS-0028,2026-08-19,50,350,0,2026-08-19T02:00:00Z
USE-0028-0078,CUST-0028,WS-0028,2026-08-20,45,315,1,2026-08-20T02:00:00Z
USE-0028-0079,CUST-0028,WS-0028,2026-08-21,51,357,2,2026-08-21T02:00:00Z
USE-0028-0080,CUST-0028,WS-0028,2026-08-22,50,350,2,2026-08-22T02:00:00Z
USE-0028-0081,CUST-0028,WS-0028,2026-08-23,47,329,2,2026-08-23T02:00:00Z
USE-0028-0082,CUST-0028,WS-0028,2026-08-24,52,364,2,2026-08-24T02:00:00Z
USE-0028-0083,CUST-0028,WS-0028,2026-08-25,46,322,0,2026-08-25T02:00:00Z
USE-0028-0084,CUST-0028,WS-0028,2026-08-26,49,343,0,2026-08-26T02:00:00Z
USE-0028-0085,CUST-0028,WS-0028,2026-08-27,47,329,0,2026-08-27T02:00:00Z
USE-0028-0086,CUST-0028,WS-0028,2026-08-28,50,350,2,2026-08-28T02:00:00Z
USE-0028-0087,CUST-0028,WS-0028,2026-08-29,49,343,1,2026-08-29T02:00:00Z
USE-0028-0088,CUST-0028,WS-0028,2026-08-30,47,329,1,2026-08-30T02:00:00Z
USE-0028-0089,CUST-0028,WS-0028,2026-08-31,53,371,0,2026-08-31T02:00:00Z
USE-0028-0090,CUST-0028,WS-0028,2026-09-01,47,329,0,2026-09-01T02:00:00Z
USE-0029-0001,CUST-0029,WS-0029,2026-06-04,30,120,0,2026-06-04T02:00:00Z
USE-0029-0002,CUST-0029,WS-0029,2026-06-05,34,170,0,2026-06-05T02:00:00Z
USE-0029-0003,CUST-0029,WS-0029,2026-06-06,34,204,0,2026-06-06T02:00:00Z
USE-0029-0004,CUST-0029,WS-0029,2026-06-07,34,102,1,2026-06-07T02:00:00Z
USE-0029-0005,CUST-0029,WS-0029,2026-06-08,32,192,1,2026-06-08T02:00:00Z
USE-0029-0006,CUST-0029,WS-0029,2026-06-09,34,102,2,2026-06-09T02:00:00Z
USE-0029-0007,CUST-0029,WS-0029,2026-06-10,29,87,1,2026-06-10T02:00:00Z
USE-0029-0008,CUST-0029,WS-0029,2026-06-11,28,112,1,2026-06-11T02:00:00Z
USE-0029-0009,CUST-0029,WS-0029,2026-06-12,29,116,2,2026-06-12T02:00:00Z
USE-0029-0010,CUST-0029,WS-0029,2026-06-13,35,175,2,2026-06-13T02:00:00Z
USE-0029-0011,CUST-0029,WS-0029,2026-06-14,36,144,2,2026-06-14T02:00:00Z
USE-0029-0012,CUST-0029,WS-0029,2026-06-15,27,108,1,2026-06-15T02:00:00Z
USE-0029-0013,CUST-0029,WS-0029,2026-06-16,28,112,1,2026-06-16T02:00:00Z
USE-0029-0014,CUST-0029,WS-0029,2026-06-17,28,140,0,2026-06-17T02:00:00Z
USE-0029-0015,CUST-0029,WS-0029,2026-06-18,31,93,1,2026-06-18T02:00:00Z
USE-0029-0016,CUST-0029,WS-0029,2026-06-19,32,96,1,2026-06-19T02:00:00Z
USE-0029-0017,CUST-0029,WS-0029,2026-06-20,29,87,0,2026-06-20T02:00:00Z
USE-0029-0018,CUST-0029,WS-0029,2026-06-21,34,204,1,2026-06-21T02:00:00Z
USE-0029-0019,CUST-0029,WS-0029,2026-06-22,31,93,1,2026-06-22T02:00:00Z
USE-0029-0020,CUST-0029,WS-0029,2026-06-23,27,162,1,2026-06-23T02:00:00Z
USE-0029-0021,CUST-0029,WS-0029,2026-06-24,36,144,0,2026-06-24T02:00:00Z
USE-0029-0022,CUST-0029,WS-0029,2026-06-25,27,135,1,2026-06-25T02:00:00Z
USE-0029-0023,CUST-0029,WS-0029,2026-06-26,27,81,2,2026-06-26T02:00:00Z
USE-0029-0024,CUST-0029,WS-0029,2026-06-27,36,216,0,2026-06-27T02:00:00Z
USE-0029-0025,CUST-0029,WS-0029,2026-06-28,33,165,0,2026-06-28T02:00:00Z
USE-0029-0026,CUST-0029,WS-0029,2026-06-29,30,180,0,2026-06-29T02:00:00Z
USE-0029-0027,CUST-0029,WS-0029,2026-06-30,27,108,0,2026-06-30T02:00:00Z
USE-0029-0028,CUST-0029,WS-0029,2026-07-01,33,198,1,2026-07-01T02:00:00Z
USE-0029-0029,CUST-0029,WS-0029,2026-07-02,29,87,1,2026-07-02T02:00:00Z
USE-0029-0030,CUST-0029,WS-0029,2026-07-03,34,204,2,2026-07-03T02:00:00Z
USE-0029-0031,CUST-0029,WS-0029,2026-07-04,31,124,1,2026-07-04T02:00:00Z
USE-0029-0032,CUST-0029,WS-0029,2026-07-05,28,140,2,2026-07-05T02:00:00Z
USE-0029-0033,CUST-0029,WS-0029,2026-07-06,30,180,1,2026-07-06T02:00:00Z
USE-0029-0034,CUST-0029,WS-0029,2026-07-07,33,198,1,2026-07-07T02:00:00Z
USE-0029-0035,CUST-0029,WS-0029,2026-07-08,36,216,0,2026-07-08T02:00:00Z
USE-0029-0036,CUST-0029,WS-0029,2026-07-09,33,165,2,2026-07-09T02:00:00Z
USE-0029-0037,CUST-0029,WS-0029,2026-07-10,29,174,2,2026-07-10T02:00:00Z
USE-0029-0038,CUST-0029,WS-0029,2026-07-11,33,99,0,2026-07-11T02:00:00Z
USE-0029-0039,CUST-0029,WS-0029,2026-07-12,35,175,1,2026-07-12T02:00:00Z
USE-0029-0040,CUST-0029,WS-0029,2026-07-13,30,120,1,2026-07-13T02:00:00Z
USE-0029-0041,CUST-0029,WS-0029,2026-07-14,35,105,1,2026-07-14T02:00:00Z
USE-0029-0042,CUST-0029,WS-0029,2026-07-15,34,204,0,2026-07-15T02:00:00Z
USE-0029-0043,CUST-0029,WS-0029,2026-07-16,34,170,0,2026-07-16T02:00:00Z
USE-0029-0044,CUST-0029,WS-0029,2026-07-17,29,145,0,2026-07-17T02:00:00Z
USE-0029-0045,CUST-0029,WS-0029,2026-07-18,35,210,1,2026-07-18T02:00:00Z
USE-0029-0046,CUST-0029,WS-0029,2026-07-19,36,108,2,2026-07-19T02:00:00Z
USE-0029-0047,CUST-0029,WS-0029,2026-07-20,28,84,2,2026-07-20T02:00:00Z
USE-0029-0048,CUST-0029,WS-0029,2026-07-21,28,168,1,2026-07-21T02:00:00Z
USE-0029-0049,CUST-0029,WS-0029,2026-07-22,28,168,2,2026-07-22T02:00:00Z
USE-0029-0050,CUST-0029,WS-0029,2026-07-23,36,180,1,2026-07-23T02:00:00Z
USE-0029-0051,CUST-0029,WS-0029,2026-07-24,31,93,2,2026-07-24T02:00:00Z
USE-0029-0052,CUST-0029,WS-0029,2026-07-25,27,81,2,2026-07-25T02:00:00Z
USE-0029-0053,CUST-0029,WS-0029,2026-07-26,34,136,0,2026-07-26T02:00:00Z
USE-0029-0054,CUST-0029,WS-0029,2026-07-27,33,99,0,2026-07-27T02:00:00Z
USE-0029-0055,CUST-0029,WS-0029,2026-07-28,33,165,1,2026-07-28T02:00:00Z
USE-0029-0056,CUST-0029,WS-0029,2026-07-29,36,216,2,2026-07-29T02:00:00Z
USE-0029-0057,CUST-0029,WS-0029,2026-07-30,34,170,1,2026-07-30T02:00:00Z
USE-0029-0058,CUST-0029,WS-0029,2026-07-31,29,116,0,2026-07-31T02:00:00Z
USE-0029-0059,CUST-0029,WS-0029,2026-08-01,28,140,2,2026-08-01T02:00:00Z
USE-0029-0060,CUST-0029,WS-0029,2026-08-02,28,168,2,2026-08-02T02:00:00Z
USE-0029-0061,CUST-0029,WS-0029,2026-08-03,27,81,1,2026-08-03T02:00:00Z
USE-0029-0062,CUST-0029,WS-0029,2026-08-04,28,84,0,2026-08-04T02:00:00Z
USE-0029-0063,CUST-0029,WS-0029,2026-08-05,34,204,2,2026-08-05T02:00:00Z
USE-0029-0064,CUST-0029,WS-0029,2026-08-06,33,198,1,2026-08-06T02:00:00Z
USE-0029-0065,CUST-0029,WS-0029,2026-08-07,36,180,2,2026-08-07T02:00:00Z
USE-0029-0066,CUST-0029,WS-0029,2026-08-08,33,165,0,2026-08-08T02:00:00Z
USE-0029-0067,CUST-0029,WS-0029,2026-08-09,29,116,0,2026-08-09T02:00:00Z
USE-0029-0068,CUST-0029,WS-0029,2026-08-10,30,90,0,2026-08-10T02:00:00Z
USE-0029-0069,CUST-0029,WS-0029,2026-08-11,30,90,0,2026-08-11T02:00:00Z
USE-0029-0070,CUST-0029,WS-0029,2026-08-12,34,136,2,2026-08-12T02:00:00Z
USE-0029-0071,CUST-0029,WS-0029,2026-08-13,30,180,2,2026-08-13T02:00:00Z
USE-0029-0072,CUST-0029,WS-0029,2026-08-14,35,140,0,2026-08-14T02:00:00Z
USE-0029-0073,CUST-0029,WS-0029,2026-08-15,31,186,0,2026-08-15T02:00:00Z
USE-0029-0074,CUST-0029,WS-0029,2026-08-16,34,204,0,2026-08-16T02:00:00Z
USE-0029-0075,CUST-0029,WS-0029,2026-08-17,28,112,0,2026-08-17T02:00:00Z
USE-0029-0076,CUST-0029,WS-0029,2026-08-18,34,204,1,2026-08-18T02:00:00Z
USE-0029-0077,CUST-0029,WS-0029,2026-08-19,27,162,2,2026-08-19T02:00:00Z
USE-0029-0078,CUST-0029,WS-0029,2026-08-20,30,120,1,2026-08-20T02:00:00Z
USE-0029-0079,CUST-0029,WS-0029,2026-08-21,36,216,0,2026-08-21T02:00:00Z
USE-0029-0080,CUST-0029,WS-0029,2026-08-22,32,96,0,2026-08-22T02:00:00Z
USE-0029-0081,CUST-0029,WS-0029,2026-08-23,33,198,1,2026-08-23T02:00:00Z
USE-0029-0082,CUST-0029,WS-0029,2026-08-24,36,180,0,2026-08-24T02:00:00Z
USE-0029-0083,CUST-0029,WS-0029,2026-08-25,34,204,1,2026-08-25T02:00:00Z
USE-0029-0084,CUST-0029,WS-0029,2026-08-26,35,210,0,2026-08-26T02:00:00Z
USE-0029-0085,CUST-0029,WS-0029,2026-08-27,27,81,1,2026-08-27T02:00:00Z
USE-0029-0086,CUST-0029,WS-0029,2026-08-28,36,180,2,2026-08-28T02:00:00Z
USE-0029-0087,CUST-0029,WS-0029,2026-08-29,28,140,2,2026-08-29T02:00:00Z
USE-0029-0088,CUST-0029,WS-0029,2026-08-30,33,198,0,2026-08-30T02:00:00Z
USE-0029-0089,CUST-0029,WS-0029,2026-08-31,34,170,1,2026-08-31T02:00:00Z
USE-0029-0090,CUST-0029,WS-0029,2026-09-01,33,99,0,2026-09-01T02:00:00Z
USE-0030-0001,CUST-0030,WS-0030,2026-06-04,31,186,1,2026-06-04T02:00:00Z
USE-0030-0002,CUST-0030,WS-0030,2026-06-05,35,140,2,2026-06-05T02:00:00Z
USE-0030-0003,CUST-0030,WS-0030,2026-06-06,31,155,2,2026-06-06T02:00:00Z
USE-0030-0004,CUST-0030,WS-0030,2026-06-07,35,140,1,2026-06-07T02:00:00Z
USE-0030-0005,CUST-0030,WS-0030,2026-06-08,34,204,2,2026-06-08T02:00:00Z
USE-0030-0006,CUST-0030,WS-0030,2026-06-09,33,198,0,2026-06-09T02:00:00Z
USE-0030-0007,CUST-0030,WS-0030,2026-06-10,37,148,1,2026-06-10T02:00:00Z
USE-0030-0008,CUST-0030,WS-0030,2026-06-11,29,174,0,2026-06-11T02:00:00Z
USE-0030-0009,CUST-0030,WS-0030,2026-06-12,30,120,0,2026-06-12T02:00:00Z
USE-0030-0010,CUST-0030,WS-0030,2026-06-13,37,222,0,2026-06-13T02:00:00Z
USE-0030-0011,CUST-0030,WS-0030,2026-06-14,34,204,1,2026-06-14T02:00:00Z
USE-0030-0012,CUST-0030,WS-0030,2026-06-15,31,124,2,2026-06-15T02:00:00Z
USE-0030-0013,CUST-0030,WS-0030,2026-06-16,28,84,1,2026-06-16T02:00:00Z
USE-0030-0014,CUST-0030,WS-0030,2026-06-17,32,160,2,2026-06-17T02:00:00Z
USE-0030-0015,CUST-0030,WS-0030,2026-06-18,30,120,2,2026-06-18T02:00:00Z
USE-0030-0016,CUST-0030,WS-0030,2026-06-19,28,84,1,2026-06-19T02:00:00Z
USE-0030-0017,CUST-0030,WS-0030,2026-06-20,34,102,2,2026-06-20T02:00:00Z
USE-0030-0018,CUST-0030,WS-0030,2026-06-21,31,93,2,2026-06-21T02:00:00Z
USE-0030-0019,CUST-0030,WS-0030,2026-06-22,31,186,1,2026-06-22T02:00:00Z
USE-0030-0020,CUST-0030,WS-0030,2026-06-23,33,165,0,2026-06-23T02:00:00Z
USE-0030-0021,CUST-0030,WS-0030,2026-06-24,36,180,0,2026-06-24T02:00:00Z
USE-0030-0022,CUST-0030,WS-0030,2026-06-25,36,108,2,2026-06-25T02:00:00Z
USE-0030-0023,CUST-0030,WS-0030,2026-06-26,28,168,1,2026-06-26T02:00:00Z
USE-0030-0024,CUST-0030,WS-0030,2026-06-27,29,87,2,2026-06-27T02:00:00Z
USE-0030-0025,CUST-0030,WS-0030,2026-06-28,37,111,2,2026-06-28T02:00:00Z
USE-0030-0026,CUST-0030,WS-0030,2026-06-29,28,84,0,2026-06-29T02:00:00Z
USE-0030-0027,CUST-0030,WS-0030,2026-06-30,29,116,1,2026-06-30T02:00:00Z
USE-0030-0028,CUST-0030,WS-0030,2026-07-01,30,150,2,2026-07-01T02:00:00Z
USE-0030-0029,CUST-0030,WS-0030,2026-07-02,35,210,2,2026-07-02T02:00:00Z
USE-0030-0030,CUST-0030,WS-0030,2026-07-03,29,116,2,2026-07-03T02:00:00Z
USE-0030-0031,CUST-0030,WS-0030,2026-07-04,33,165,0,2026-07-04T02:00:00Z
USE-0030-0032,CUST-0030,WS-0030,2026-07-05,29,116,1,2026-07-05T02:00:00Z
USE-0030-0033,CUST-0030,WS-0030,2026-07-06,34,102,0,2026-07-06T02:00:00Z
USE-0030-0034,CUST-0030,WS-0030,2026-07-07,35,175,1,2026-07-07T02:00:00Z
USE-0030-0035,CUST-0030,WS-0030,2026-07-08,36,144,0,2026-07-08T02:00:00Z
USE-0030-0036,CUST-0030,WS-0030,2026-07-09,32,160,2,2026-07-09T02:00:00Z
USE-0030-0037,CUST-0030,WS-0030,2026-07-10,34,170,2,2026-07-10T02:00:00Z
USE-0030-0038,CUST-0030,WS-0030,2026-07-11,31,124,2,2026-07-11T02:00:00Z
USE-0030-0039,CUST-0030,WS-0030,2026-07-12,34,136,0,2026-07-12T02:00:00Z
USE-0030-0040,CUST-0030,WS-0030,2026-07-13,34,204,1,2026-07-13T02:00:00Z
USE-0030-0041,CUST-0030,WS-0030,2026-07-14,35,175,0,2026-07-14T02:00:00Z
USE-0030-0042,CUST-0030,WS-0030,2026-07-15,35,140,0,2026-07-15T02:00:00Z
USE-0030-0043,CUST-0030,WS-0030,2026-07-16,36,108,0,2026-07-16T02:00:00Z
USE-0030-0044,CUST-0030,WS-0030,2026-07-17,33,165,1,2026-07-17T02:00:00Z
USE-0030-0045,CUST-0030,WS-0030,2026-07-18,30,180,0,2026-07-18T02:00:00Z
USE-0030-0046,CUST-0030,WS-0030,2026-07-19,34,102,2,2026-07-19T02:00:00Z
USE-0030-0047,CUST-0030,WS-0030,2026-07-20,30,90,2,2026-07-20T02:00:00Z
USE-0030-0048,CUST-0030,WS-0030,2026-07-21,36,180,1,2026-07-21T02:00:00Z
USE-0030-0049,CUST-0030,WS-0030,2026-07-22,34,170,2,2026-07-22T02:00:00Z
USE-0030-0050,CUST-0030,WS-0030,2026-07-23,33,165,0,2026-07-23T02:00:00Z
USE-0030-0051,CUST-0030,WS-0030,2026-07-24,32,128,2,2026-07-24T02:00:00Z
USE-0030-0052,CUST-0030,WS-0030,2026-07-25,34,204,2,2026-07-25T02:00:00Z
USE-0030-0053,CUST-0030,WS-0030,2026-07-26,31,186,2,2026-07-26T02:00:00Z
USE-0030-0054,CUST-0030,WS-0030,2026-07-27,33,198,0,2026-07-27T02:00:00Z
USE-0030-0055,CUST-0030,WS-0030,2026-07-28,32,96,0,2026-07-28T02:00:00Z
USE-0030-0056,CUST-0030,WS-0030,2026-07-29,36,180,1,2026-07-29T02:00:00Z
USE-0030-0057,CUST-0030,WS-0030,2026-07-30,30,150,0,2026-07-30T02:00:00Z
USE-0030-0058,CUST-0030,WS-0030,2026-07-31,29,145,2,2026-07-31T02:00:00Z
USE-0030-0059,CUST-0030,WS-0030,2026-08-01,33,132,0,2026-08-01T02:00:00Z
USE-0030-0060,CUST-0030,WS-0030,2026-08-02,28,140,0,2026-08-02T02:00:00Z
USE-0030-0061,CUST-0030,WS-0030,2026-08-03,7,122,2,2026-08-03T02:00:00Z
USE-0030-0062,CUST-0030,WS-0030,2026-08-04,4,17,1,2026-08-04T02:00:00Z
USE-0030-0063,CUST-0030,WS-0030,2026-08-05,7,90,0,2026-08-05T02:00:00Z
USE-0030-0064,CUST-0030,WS-0030,2026-08-06,3,14,1,2026-08-06T02:00:00Z
USE-0030-0065,CUST-0030,WS-0030,2026-08-07,7,26,1,2026-08-07T02:00:00Z
USE-0030-0066,CUST-0030,WS-0030,2026-08-08,8,62,2,2026-08-08T02:00:00Z
USE-0030-0067,CUST-0030,WS-0030,2026-08-09,12,78,1,2026-08-09T02:00:00Z
USE-0030-0068,CUST-0030,WS-0030,2026-08-10,7,90,2,2026-08-10T02:00:00Z
USE-0030-0069,CUST-0030,WS-0030,2026-08-11,12,78,2,2026-08-11T02:00:00Z
USE-0030-0070,CUST-0030,WS-0030,2026-08-12,9,66,0,2026-08-12T02:00:00Z
USE-0030-0071,CUST-0030,WS-0030,2026-08-13,8,62,1,2026-08-13T02:00:00Z
USE-0030-0072,CUST-0030,WS-0030,2026-08-14,10,35,0,2026-08-14T02:00:00Z
USE-0030-0073,CUST-0030,WS-0030,2026-08-15,9,134,0,2026-08-15T02:00:00Z
USE-0030-0074,CUST-0030,WS-0030,2026-08-16,4,17,1,2026-08-16T02:00:00Z
USE-0030-0075,CUST-0030,WS-0030,2026-08-17,5,110,0,2026-08-17T02:00:00Z
USE-0030-0076,CUST-0030,WS-0030,2026-08-18,10,35,1,2026-08-18T02:00:00Z
USE-0030-0077,CUST-0030,WS-0030,2026-08-19,11,146,2,2026-08-19T02:00:00Z
USE-0030-0078,CUST-0030,WS-0030,2026-08-20,11,146,1,2026-08-20T02:00:00Z
USE-0030-0079,CUST-0030,WS-0030,2026-08-21,12,152,2,2026-08-21T02:00:00Z
USE-0030-0080,CUST-0030,WS-0030,2026-08-22,9,134,2,2026-08-22T02:00:00Z
USE-0030-0081,CUST-0030,WS-0030,2026-08-23,10,140,0,2026-08-23T02:00:00Z
USE-0030-0082,CUST-0030,WS-0030,2026-08-24,5,50,1,2026-08-24T02:00:00Z
USE-0030-0083,CUST-0030,WS-0030,2026-08-25,10,70,2,2026-08-25T02:00:00Z
USE-0030-0084,CUST-0030,WS-0030,2026-08-26,11,38,2,2026-08-26T02:00:00Z
USE-0030-0085,CUST-0030,WS-0030,2026-08-27,6,116,1,2026-08-27T02:00:00Z
USE-0030-0086,CUST-0030,WS-0030,2026-08-28,3,42,2,2026-08-28T02:00:00Z
USE-0030-0087,CUST-0030,WS-0030,2026-08-29,8,29,2,2026-08-29T02:00:00Z
USE-0030-0088,CUST-0030,WS-0030,2026-08-30,9,32,0,2026-08-30T02:00:00Z
USE-0030-0089,CUST-0030,WS-0030,2026-08-31,8,95,0,2026-08-31T02:00:00Z
USE-0030-0090,CUST-0030,WS-0030,2026-09-01,11,74,0,2026-09-01T02:00:00Z
